postcode,municipality,gm_code,population,urbanity_level,avg_woz_k_eur
1011,Amsterdam,GM0363,9935,1,608.8
1012,Amsterdam,GM0363,9105,1,533.8
1013,Amsterdam,GM0363,22230,1,518.5
1014,Amsterdam,GM0363,5492,2,536.4
1015,Amsterdam,GM0363,13835,1,583.4
1016,Amsterdam,GM0363,11822,1,650.5
1017,Amsterdam,GM0363,13285,1,702.6
1018,Amsterdam,GM0363,23440,1,588.9
1019,Amsterdam,GM0363,20850,1,615.1
1021,Amsterdam,GM0363,6762,1,407.0
1022,Amsterdam,GM0363,6660,1,443.2
1023,Amsterdam,GM0363,4480,2,608.4
1024,Amsterdam,GM0363,12915,1,389.7
1025,Amsterdam,GM0363,15220,1,535.8
1026,Amsterdam,GM0363,530,5,511.2
1027,Amsterdam,GM0363,545,3,597.5
1028,Amsterdam,GM0363,615,5,644.2
1031,Amsterdam,GM0363,9900,1,557.0
1032,Amsterdam,GM0363,6725,1,522.5
1033,Amsterdam,GM0363,14678,2,470.9
1034,Amsterdam,GM0363,14592,1,521.4
1035,Amsterdam,GM0363,10765,2,454.7
1036,Amsterdam,GM0363,3165,1,677.0
1037,Amsterdam,GM0363,140,5,504.0
1041,Amsterdam,GM0363,0,5,504.0
1042,Amsterdam,GM0363,15,5,504.0
1043,Amsterdam,GM0363,1695,3,466.6
1045,Amsterdam,GM0363,0,5,504.0
1046,Amsterdam,GM0363,115,5,504.0
1047,Amsterdam,GM0363,30,5,504.0
1051,Amsterdam,GM0363,13135,1,503.0
1052,Amsterdam,GM0363,10355,1,489.2
1053,Amsterdam,GM0363,17102,1,513.2
1054,Amsterdam,GM0363,15272,1,677.1
1055,Amsterdam,GM0363,17078,1,406.0
1056,Amsterdam,GM0363,22222,1,475.7
1057,Amsterdam,GM0363,17000,1,492.6
1058,Amsterdam,GM0363,15480,1,588.1
1059,Amsterdam,GM0363,7035,1,467.8
1060,Amsterdam,GM0363,7970,1,630.5
1061,Amsterdam,GM0363,14130,1,445.2
1062,Amsterdam,GM0363,14580,1,325.9
1063,Amsterdam,GM0363,12600,1,374.4
1064,Amsterdam,GM0363,16262,1,394.9
1065,Amsterdam,GM0363,12570,1,419.5
1066,Amsterdam,GM0363,19220,2,541.7
1067,Amsterdam,GM0363,18428,1,449.5
1068,Amsterdam,GM0363,16312,1,391.8
1069,Amsterdam,GM0363,21482,1,364.3
1071,Amsterdam,GM0363,12565,1,697.5
1072,Amsterdam,GM0363,11150,1,517.2
1073,Amsterdam,GM0363,14722,1,503.8
1074,Amsterdam,GM0363,8280,1,547.3
1075,Amsterdam,GM0363,10320,1,627.6
1076,Amsterdam,GM0363,10452,1,562.4
1077,Amsterdam,GM0363,10545,1,722.2
1078,Amsterdam,GM0363,15192,1,607.0
1079,Amsterdam,GM0363,13440,1,523.8
1081,Amsterdam,GM0363,5442,1,636.9
1082,Amsterdam,GM0363,10532,1,594.8
1083,Amsterdam,GM0363,9502,1,489.4
1086,Amsterdam,GM0363,4830,3,597.0
1087,Amsterdam,GM0363,17415,2,624.2
1091,Amsterdam,GM0363,16622,1,528.5
1092,Amsterdam,GM0363,7662,1,463.0
1093,Amsterdam,GM0363,9698,1,535.7
1094,Amsterdam,GM0363,11632,1,472.3
1095,Amsterdam,GM0363,13505,2,469.7
1096,Amsterdam,GM0363,6515,2,518.9
1097,Amsterdam,GM0363,15948,1,502.8
1098,Amsterdam,GM0363,14432,1,501.0
1101,Amsterdam,GM0363,1205,2,459.0
1102,Amsterdam,GM0363,24530,1,328.3
1103,Amsterdam,GM0363,14985,1,370.5
1104,Amsterdam,GM0363,15330,1,373.8
1105,Amsterdam,GM0363,3090,3,425.0
1106,Amsterdam,GM0363,17528,1,329.3
1107,Amsterdam,GM0363,11665,1,329.6
1108,Amsterdam,GM0363,3155,3,441.0
1109,Amsterdam,GM0363,1700,5,611.2
1111,Diemen,GM0384,16055,2,480.4
1112,Diemen,GM0384,14305,1,470.7
1113,Diemen,GM0384,2855,3,573.0
1114,Ouder-Amstel,GM0437,115,4,784.5
1115,Ouder-Amstel,GM0437,3952,2,482.0
1118,Haarlemmermeer,GM0394,75,5,486.0
1119,Haarlemmermeer,GM0394,295,5,486.0
1121,Landsmeer,GM0415,10520,3,616.2
1127,Landsmeer,GM0415,835,5,784.5
1131,Edam-Volendam,GM0385,8930,3,384.4
1132,Edam-Volendam,GM0385,13810,3,427.7
1135,Edam-Volendam,GM0385,7455,3,462.6
1141,Waterland,GM0852,9830,3,462.1
1145,Waterland,GM0852,390,5,753.0
1151,Waterland,GM0852,2715,5,695.0
1153,Waterland,GM0852,300,5,784.5
1154,Waterland,GM0852,135,5,761.0
1156,Waterland,GM0852,1705,5,343.5
1161,Haarlemmermeer,GM0394,8100,3,460.9
1165,Haarlemmermeer,GM0394,2595,4,547.5
1171,Haarlemmermeer,GM0394,15080,3,562.0
1175,Haarlemmermeer,GM0394,985,5,547.0
1181,Amstelveen,GM0362,21368,1,657.4
1182,Amstelveen,GM0362,3880,3,698.5
1183,Amstelveen,GM0362,15045,1,535.5
1184,Amstelveen,GM0362,430,4,784.5
1185,Amstelveen,GM0362,11955,1,480.2
1186,Amstelveen,GM0362,14740,1,462.9
1187,Amstelveen,GM0362,20430,3,614.8
1188,Amstelveen,GM0362,6940,2,497.3
1189,Amstelveen,GM0362,1005,4,555.0
1191,Ouder-Amstel,GM0437,4512,5,753.1
1211,Hilversum,GM0402,10325,1,362.2
1212,Hilversum,GM0402,3625,2,324.0
1213,Hilversum,GM0402,7868,4,729.9
1214,Hilversum,GM0402,6978,1,438.5
1215,Hilversum,GM0402,9682,1,533.3
1216,Hilversum,GM0402,7208,2,439.0
1217,Hilversum,GM0402,7705,2,668.1
1218,Hilversum,GM0402,3968,5,484.0
1221,Hilversum,GM0402,9188,1,381.0
1222,Hilversum,GM0402,7758,2,462.4
1223,Hilversum,GM0402,9215,2,489.8
1231,Wijdemeren,GM1696,6658,5,709.2
1241,Wijdemeren,GM1696,4652,5,685.2
1243,Wijdemeren,GM1696,1390,4,543.0
1244,Wijdemeren,GM1696,1525,5,643.8
1251,Laren (NH.),GM0417,10472,4,769.3
1252,Laren (NH.),GM0417,410,3,784.5
1261,Blaricum,GM0376,11692,4,741.4
1271,Huizen,GM0406,8030,2,454.8
1272,Huizen,GM0406,6555,5,685.6
1273,Huizen,GM0406,8720,2,384.7
1274,Huizen,GM0406,6245,2,414.8
1275,Huizen,GM0406,2020,2,395.0
1276,Huizen,GM0406,7685,2,391.7
1277,Huizen,GM0406,1960,2,549.0
1309,Almere,GM0034,30,5,376.0
1311,Almere,GM0034,4950,2,388.8
1312,Almere,GM0034,6885,2,417.8
1313,Almere,GM0034,4065,3,370.5
1314,Almere,GM0034,7015,2,316.1
1315,Almere,GM0034,5010,1,306.5
1316,Almere,GM0034,5085,3,454.6
1317,Almere,GM0034,3145,4,337.3
1318,Almere,GM0034,9355,2,363.1
1319,Almere,GM0034,7315,4,583.5
1321,Almere,GM0034,9645,2,364.1
1322,Almere,GM0034,150,4,376.0
1323,Almere,GM0034,6215,2,413.0
1324,Almere,GM0034,10335,2,354.6
1325,Almere,GM0034,10600,3,382.2
1326,Almere,GM0034,10965,2,428.6
1327,Almere,GM0034,5,4,376.0
1328,Almere,GM0034,9985,2,416.3
1329,Almere,GM0034,0,4,376.0
1331,Almere,GM0034,205,5,527.0
1332,Almere,GM0034,10,5,376.0
1333,Almere,GM0034,12530,2,354.1
1334,Almere,GM0034,2405,2,277.5
1335,Almere,GM0034,12355,2,409.5
1336,Almere,GM0034,9860,3,405.8
1338,Almere,GM0034,9705,2,365.7
1339,Almere,GM0034,11355,2,369.8
1341,Almere,GM0034,4400,5,432.6
1343,Almere,GM0034,1615,5,775.2
1349,Almere,GM0034,6155,5,523.0
1351,Almere,GM0034,2195,3,373.0
1352,Almere,GM0034,1815,3,360.5
1353,Almere,GM0034,5700,2,308.3
1354,Almere,GM0034,2690,2,284.0
1355,Almere,GM0034,3035,2,343.0
1356,Almere,GM0034,3090,3,363.2
1357,Almere,GM0034,2750,3,327.4
1358,Almere,GM0034,775,5,478.1
1359,Almere,GM0034,2650,4,577.5
1361,Almere,GM0034,4825,2,549.7
1362,Almere,GM0034,2405,3,384.7
1363,Almere,GM0034,16250,2,449.8
1364,Almere,GM0034,5,5,376.0
1381,Amsterdam,GM0363,5145,3,581.9
1382,Amsterdam,GM0363,11180,2,456.3
1383,Amsterdam,GM0363,3325,3,438.5
1384,Amsterdam,GM0363,5285,5,714.4
1391,De Ronde Venen,GM0736,7648,4,733.5
1393,Stichtse Vecht,GM1904,1575,5,674.9
1394,Wijdemeren,GM1696,5620,5,587.4
1396,De Ronde Venen,GM0736,1455,5,692.8
1398,Gooise Meren,GM1942,5805,4,607.8
1399,Gooise Meren,GM1942,3085,5,602.7
1401,Gooise Meren,GM1942,4435,1,642.8
1402,Gooise Meren,GM1942,9775,1,544.6
1403,Gooise Meren,GM1942,9470,2,385.2
1404,Gooise Meren,GM1942,3725,1,523.0
1405,Gooise Meren,GM1942,2625,2,784.5
1406,Gooise Meren,GM1942,3695,2,688.2
1411,Gooise Meren,GM1942,10610,4,665.9
1412,Gooise Meren,GM1942,7805,3,647.8
1421,Uithoorn,GM0451,4890,3,415.0
1422,Uithoorn,GM0451,8175,2,460.3
1423,Uithoorn,GM0451,3952,3,486.0
1424,Uithoorn,GM0451,5120,5,552.8
1426,De Ronde Venen,GM0736,860,5,602.5
1427,De Ronde Venen,GM0736,970,3,489.0
1428,Nieuwkoop,GM0569,135,5,501.0
1431,Aalsmeer,GM0358,10542,4,551.1
1432,Aalsmeer,GM0358,6582,4,632.0
1433,Aalsmeer,GM0358,3952,4,497.0
1435,Haarlemmermeer,GM0394,4415,5,494.0
1436,Haarlemmermeer,GM0394,525,4,406.0
1437,Haarlemmermeer,GM0394,75,5,386.0
1438,Haarlemmermeer,GM0394,160,5,387.0
1441,Purmerend,GM0439,13378,1,362.7
1442,Purmerend,GM0439,5012,1,365.0
1443,Purmerend,GM0439,6672,1,345.7
1444,Purmerend,GM0439,5268,3,387.0
1445,Purmerend,GM0439,9308,2,455.0
1446,Purmerend,GM0439,4068,3,445.5
1447,Purmerend,GM0439,8000,2,551.5
1448,Purmerend,GM0439,15788,2,476.2
1451,Landsmeer,GM0415,395,5,709.0
1452,Waterland,GM0852,1795,5,487.0
1454,Waterland,GM0852,555,5,675.0
1456,Wormerland,GM0880,2095,5,681.1
1458,Wormerland,GM0880,25,5,534.0
1461,Purmerend,GM0439,3952,3,640.0
1462,Purmerend,GM0439,3952,4,503.0
1463,Purmerend,GM0439,605,5,691.0
1464,Purmerend,GM0439,775,5,651.0
1471,Edam-Volendam,GM0385,840,5,521.0
1472,Edam-Volendam,GM0385,710,5,588.0
1473,Edam-Volendam,GM0385,765,5,640.0
1474,Edam-Volendam,GM0385,3685,5,434.0
1475,Edam-Volendam,GM0385,540,5,496.0
1476,Edam-Volendam,GM0385,115,5,532.0
1477,Edam-Volendam,GM0385,165,5,571.0
1481,Edam-Volendam,GM0385,110,5,650.0
1482,Waterland,GM0852,140,5,662.0
1483,Alkmaar,GM0361,3952,4,447.0
1484,Alkmaar,GM0361,885,5,512.0
1485,Alkmaar,GM0361,80,5,784.5
1486,Alkmaar,GM0361,755,5,491.0
1487,Alkmaar,GM0361,145,5,380.0
1488,Alkmaar,GM0361,210,5,609.0
1489,Castricum,GM0383,160,5,667.0
1501,Zaanstad,GM0479,6705,1,332.5
1502,Zaanstad,GM0479,6492,1,358.0
1503,Zaanstad,GM0479,11250,2,345.2
1504,Zaanstad,GM0479,8605,2,345.7
1505,Zaanstad,GM0479,7325,2,369.6
1506,Zaanstad,GM0479,12748,1,423.3
1507,Zaanstad,GM0479,12948,3,416.9
1508,Zaanstad,GM0479,5370,2,340.5
1509,Zaanstad,GM0479,6510,4,472.0
1511,Oostzaan,GM0431,6562,4,601.0
1521,Zaanstad,GM0479,12315,2,408.1
1525,Zaanstad,GM0479,475,5,428.0
1531,Wormerland,GM0880,12955,3,460.5
1534,Wormerland,GM0880,655,5,508.0
1536,Alkmaar,GM0361,310,5,556.0
1541,Zaanstad,GM0479,10272,2,398.3
1544,Zaanstad,GM0479,8700,3,388.0
1546,Wormerland,GM0880,685,5,543.0
1551,Zaanstad,GM0479,5135,5,568.8
1561,Zaanstad,GM0479,8030,2,338.5
1562,Zaanstad,GM0479,9105,3,489.2
1566,Zaanstad,GM0479,10518,4,510.5
1567,Zaanstad,GM0479,11265,3,521.5
1601,Enkhuizen,GM0388,7840,4,380.2
1602,Enkhuizen,GM0388,11015,3,326.6
1606,Drechterland,GM0498,4285,5,476.8
1607,Drechterland,GM0498,1590,5,466.0
1608,Drechterland,GM0498,1510,5,565.5
1609,Drechterland,GM0498,100,5,488.0
1611,Stede Broec,GM0532,10365,3,375.8
1613,Stede Broec,GM0532,9695,3,398.9
1614,Stede Broec,GM0532,2210,5,384.7
1616,Drechterland,GM0498,8730,4,430.6
1617,Drechterland,GM0498,1850,5,473.0
1619,Medemblik,GM0420,7240,5,437.7
1621,Hoorn,GM0405,5875,2,391.9
1622,Hoorn,GM0405,7910,3,362.7
1623,Hoorn,GM0405,2575,2,578.5
1624,Hoorn,GM0405,6070,2,389.6
1625,Hoorn,GM0405,10295,2,366.0
1627,Hoorn,GM0405,10,5,373.5
1628,Hoorn,GM0405,20092,2,328.8
1631,Koggenland,GM1598,430,5,443.0
1633,Koggenland,GM1598,3465,4,442.6
1634,Koggenland,GM1598,540,5,455.5
1636,Alkmaar,GM0361,1275,5,406.0
1641,Koggenland,GM1598,1370,5,442.0
1643,Koggenland,GM1598,220,5,578.0
1645,Koggenland,GM1598,2980,5,464.4
1646,Alkmaar,GM0361,70,5,612.0
1647,Koggenland,GM1598,2810,5,484.1
1648,Koggenland,GM1598,3850,4,431.4
1652,Koggenland,GM1598,550,5,523.0
1654,Medemblik,GM0420,755,5,483.0
1655,Medemblik,GM0420,920,5,448.0
1657,Medemblik,GM0420,2020,5,493.5
1658,Medemblik,GM0420,170,5,510.0
1661,Opmeer,GM0432,810,5,495.0
1663,Opmeer,GM0432,25,5,424.0
1671,Medemblik,GM0420,8650,4,421.4
1674,Medemblik,GM0420,2010,5,475.5
1676,Medemblik,GM0420,1060,5,486.0
1678,Medemblik,GM0420,875,5,443.0
1679,Medemblik,GM0420,2510,5,455.0
1681,Medemblik,GM0420,100,5,283.0
1682,Medemblik,GM0420,440,5,537.0
1684,Medemblik,GM0420,795,5,446.0
1685,Medemblik,GM0420,610,5,488.5
1687,Medemblik,GM0420,6305,4,523.7
1688,Medemblik,GM0420,2575,5,478.0
1689,Hoorn,GM0405,17525,3,419.1
1691,Medemblik,GM0420,745,5,501.0
1693,Medemblik,GM0420,8150,5,439.0
1695,Hoorn,GM0405,5450,2,495.1
1696,Drechterland,GM0498,1560,5,485.0
1697,Drechterland,GM0498,855,5,527.0
1701,Dijk en Waard,GM1980,7080,2,364.5
1702,Dijk en Waard,GM1980,10615,2,425.3
1703,Dijk en Waard,GM1980,12100,3,366.3
1704,Dijk en Waard,GM1980,9610,5,466.2
1705,Dijk en Waard,GM1980,17402,2,444.0
1706,Dijk en Waard,GM1980,4530,4,511.5
1711,Koggenland,GM1598,1645,5,504.3
1713,Koggenland,GM1598,5985,4,447.5
1715,Opmeer,GM0432,4950,4,449.2
1716,Opmeer,GM0432,2315,4,405.1
1718,Opmeer,GM0432,3935,5,444.7
1719,Opmeer,GM0432,465,5,466.5
1721,Dijk en Waard,GM1980,6135,4,477.3
1722,Dijk en Waard,GM1980,6875,4,496.5
1723,Dijk en Waard,GM1980,6050,3,395.1
1724,Dijk en Waard,GM1980,3845,5,463.1
1731,Hollands Kroon,GM1911,3505,5,433.8
1732,Hollands Kroon,GM1911,775,5,514.5
1733,Hollands Kroon,GM1911,3275,5,456.0
1734,Hollands Kroon,GM1911,385,5,563.0
1735,Hollands Kroon,GM1911,2280,5,516.7
1736,Hollands Kroon,GM1911,400,5,537.5
1738,Schagen,GM0441,2715,5,453.5
1741,Schagen,GM0441,13210,3,409.1
1742,Schagen,GM0441,6685,4,414.8
1744,Schagen,GM0441,1955,5,475.1
1746,Schagen,GM0441,1680,5,459.3
1747,Schagen,GM0441,3855,5,412.2
1749,Schagen,GM0441,6385,4,433.9
1751,Schagen,GM0441,2225,5,430.2
1752,Schagen,GM0441,730,5,417.5
1753,Schagen,GM0441,625,5,391.8
1754,Schagen,GM0441,895,5,427.7
1755,Schagen,GM0441,1545,5,405.8
1756,Schagen,GM0441,2755,5,426.8
1757,Schagen,GM0441,705,5,413.5
1759,Schagen,GM0441,2405,5,446.2
1761,Hollands Kroon,GM1911,8795,4,420.6
1764,Hollands Kroon,GM1911,3865,5,431.3
1766,Hollands Kroon,GM1911,2375,5,442.0
1767,Hollands Kroon,GM1911,1085,5,469.5
1768,Hollands Kroon,GM1911,905,5,546.0
1769,Hollands Kroon,GM1911,180,5,643.5
1771,Hollands Kroon,GM1911,6145,4,371.6
1773,Hollands Kroon,GM1911,590,5,253.0
1774,Hollands Kroon,GM1911,2290,5,461.0
1775,Hollands Kroon,GM1911,4590,5,443.8
1777,Hollands Kroon,GM1911,5230,4,406.6
1778,Hollands Kroon,GM1911,905,5,423.7
1779,Hollands Kroon,GM1911,2405,5,394.0
1781,Den Helder,GM0400,9265,2,243.5
1782,Den Helder,GM0400,10265,1,235.1
1783,Den Helder,GM0400,2575,3,351.8
1784,Den Helder,GM0400,9615,2,248.4
1785,Den Helder,GM0400,9080,3,261.3
1786,Den Helder,GM0400,150,5,299.0
1787,Den Helder,GM0400,3325,5,356.1
1788,Den Helder,GM0400,11790,3,370.0
1789,Den Helder,GM0400,595,5,541.0
1791,Texel,GM0448,4912,4,449.5
1792,Texel,GM0448,1305,5,402.0
1793,Texel,GM0448,270,5,447.5
1794,Texel,GM0448,1095,5,423.0
1795,Texel,GM0448,1180,5,447.0
1796,Texel,GM0448,1510,5,479.5
1797,Texel,GM0448,735,5,399.0
1811,Alkmaar,GM0361,6310,1,371.0
1812,Alkmaar,GM0361,15,5,380.0
1813,Alkmaar,GM0361,8220,2,302.2
1814,Alkmaar,GM0361,9750,1,375.2
1815,Alkmaar,GM0361,7290,1,475.4
1816,Alkmaar,GM0361,8505,1,338.0
1817,Alkmaar,GM0361,4400,2,535.7
1821,Alkmaar,GM0361,1870,1,379.0
1822,Alkmaar,GM0361,6875,3,532.2
1823,Alkmaar,GM0361,7015,1,399.4
1824,Alkmaar,GM0361,7780,2,326.2
1825,Alkmaar,GM0361,9085,2,314.7
1826,Alkmaar,GM0361,6475,1,339.0
1827,Alkmaar,GM0361,10295,2,356.0
1829,Alkmaar,GM0361,4240,3,441.5
1831,Alkmaar,GM0361,2435,4,375.0
1832,Dijk en Waard,GM1980,260,5,449.8
1834,Dijk en Waard,GM1980,5728,4,536.3
1841,Alkmaar,GM0361,2130,5,455.0
1842,Alkmaar,GM0361,625,5,568.0
1843,Alkmaar,GM0361,710,5,522.0
1844,Alkmaar,GM0361,230,5,597.0
1846,Alkmaar,GM0361,665,5,551.0
1851,Heiloo,GM0399,12210,3,542.2
1852,Heiloo,GM0399,10365,3,582.6
1853,Heiloo,GM0399,1780,2,658.0
1861,Bergen (NH.),GM0373,6735,3,678.4
1862,Bergen (NH.),GM0373,5765,3,616.0
1865,Bergen (NH.),GM0373,420,5,784.5
1871,Bergen (NH.),GM0373,4685,5,677.6
1873,Bergen (NH.),GM0373,1525,5,531.0
1901,Castricum,GM0383,15020,3,574.4
1902,Castricum,GM0383,8520,3,554.0
1906,Castricum,GM0383,7770,4,548.3
1911,Uitgeest,GM0450,12902,4,500.0
1921,Castricum,GM0383,5135,4,497.0
1931,Bergen (NH.),GM0373,4535,3,384.5
1934,Bergen (NH.),GM0373,3595,5,571.4
1935,Bergen (NH.),GM0373,2490,5,465.0
1941,Beverwijk,GM0375,3700,1,267.3
1942,Beverwijk,GM0375,3985,1,441.0
1943,Beverwijk,GM0375,4620,2,441.8
1944,Beverwijk,GM0375,7860,1,365.2
1945,Beverwijk,GM0375,6460,1,320.8
1946,Beverwijk,GM0375,4795,1,300.5
1947,Beverwijk,GM0375,3400,1,322.2
1948,Beverwijk,GM0375,6090,2,464.9
1949,Beverwijk,GM0375,2125,5,334.5
1951,Velsen,GM0453,6000,4,325.0
1961,Heemskerk,GM0396,1600,1,382.0
1962,Heemskerk,GM0396,7265,2,368.0
1963,Heemskerk,GM0396,5750,3,491.4
1964,Heemskerk,GM0396,7005,1,469.6
1965,Heemskerk,GM0396,5965,1,504.8
1966,Heemskerk,GM0396,5090,1,294.5
1967,Heemskerk,GM0396,5130,3,515.9
1968,Heemskerk,GM0396,310,5,434.0
1969,Heemskerk,GM0396,1270,5,525.2
1971,Velsen,GM0453,9130,2,354.3
1972,Velsen,GM0453,8865,1,291.2
1973,Velsen,GM0453,5210,1,316.8
1974,Velsen,GM0453,6290,2,296.8
1975,Velsen,GM0453,2885,2,285.0
1976,Velsen,GM0453,315,3,499.0
1981,Velsen,GM0453,2100,5,557.7
1985,Velsen,GM0453,3190,4,607.7
1991,Velsen,GM0453,13460,2,469.4
1992,Velsen,GM0453,1960,3,524.0
2011,Haarlem,GM0392,14925,1,523.8
2012,Haarlem,GM0392,13165,1,641.6
2013,Haarlem,GM0392,8180,1,586.5
2014,Haarlem,GM0392,8830,1,590.2
2015,Haarlem,GM0392,5715,2,573.9
2021,Haarlem,GM0392,8870,1,457.0
2022,Haarlem,GM0392,9315,1,502.6
2023,Haarlem,GM0392,13510,1,680.9
2024,Haarlem,GM0392,9205,1,594.0
2025,Haarlem,GM0392,10220,1,420.9
2026,Haarlem,GM0392,5110,2,492.1
2031,Haarlem,GM0392,2210,2,531.0
2032,Haarlem,GM0392,8200,1,430.0
2033,Haarlem,GM0392,13600,1,468.8
2034,Haarlem,GM0392,10240,1,479.9
2035,Haarlem,GM0392,9545,1,449.2
2036,Haarlem,GM0392,7775,1,399.8
2037,Haarlem,GM0392,9570,1,379.8
2041,Zandvoort,GM0473,7865,3,409.1
2042,Zandvoort,GM0473,8505,3,536.9
2051,Bloemendaal,GM0377,4568,3,703.1
2061,Bloemendaal,GM0377,6645,3,644.9
2063,Haarlem,GM0392,585,5,551.0
2064,Haarlemmermeer,GM0394,3555,5,670.0
2065,Haarlemmermeer,GM0394,335,5,655.2
2071,Velsen,GM0453,7260,2,570.9
2082,Velsen,GM0453,3345,3,639.0
2101,Heemstede,GM0397,5775,2,518.0
2102,Heemstede,GM0397,5392,2,685.8
2103,Heemstede,GM0397,5042,3,661.2
2104,Heemstede,GM0397,2530,4,569.0
2105,Heemstede,GM0397,3585,3,582.5
2106,Heemstede,GM0397,3490,2,635.7
2111,Bloemendaal,GM0377,4775,4,784.5
2114,Bloemendaal,GM0377,2185,5,650.2
2116,Zandvoort,GM0473,1005,5,784.5
2121,Bloemendaal,GM0377,5410,4,607.8
2131,Haarlemmermeer,GM0394,10500,2,563.4
2132,Haarlemmermeer,GM0394,13402,2,436.3
2133,Haarlemmermeer,GM0394,7672,2,434.5
2134,Haarlemmermeer,GM0394,15810,2,498.4
2135,Haarlemmermeer,GM0394,11858,2,547.7
2136,Haarlemmermeer,GM0394,2240,4,668.8
2141,Haarlemmermeer,GM0394,4925,4,594.5
2142,Haarlemmermeer,GM0394,2055,4,628.0
2143,Haarlemmermeer,GM0394,150,5,388.0
2144,Haarlemmermeer,GM0394,1000,4,542.0
2151,Haarlemmermeer,GM0394,10755,2,466.0
2152,Haarlemmermeer,GM0394,8618,2,468.0
2153,Haarlemmermeer,GM0394,3990,4,522.8
2154,Haarlemmermeer,GM0394,330,5,472.0
2155,Haarlemmermeer,GM0394,50,5,593.0
2156,Haarlemmermeer,GM0394,355,5,458.0
2157,Haarlemmermeer,GM0394,1270,5,505.3
2158,Haarlemmermeer,GM0394,465,5,443.0
2159,Kaag en Braassem,GM1884,390,5,694.0
2161,Lisse,GM0553,12820,2,481.9
2162,Lisse,GM0553,7550,3,479.8
2163,Lisse,GM0553,3205,2,400.0
2165,Haarlemmermeer,GM0394,3340,4,514.0
2171,Teylingen,GM1525,9595,3,480.3
2172,Teylingen,GM1525,6410,2,479.6
2181,Hillegom,GM0534,9700,2,479.6
2182,Hillegom,GM0534,13100,3,458.8
2191,Noordwijk,GM0575,2405,5,509.5
2201,Noordwijk,GM0575,13835,3,480.6
2202,Noordwijk,GM0575,7710,2,567.0
2203,Noordwijk,GM0575,4730,2,502.2
2204,Noordwijk,GM0575,1025,5,719.2
2211,Noordwijk,GM0575,14480,3,473.7
2212,Noordwijk,GM0575,1770,4,644.8
2215,Teylingen,GM1525,16820,3,482.9
2216,Teylingen,GM1525,440,3,470.0
2221,Katwijk,GM0537,13350,2,427.9
2222,Katwijk,GM0537,15,3,470.0
2223,Katwijk,GM0537,6220,2,457.8
2224,Katwijk,GM0537,9655,1,421.4
2225,Katwijk,GM0537,14055,2,480.5
2231,Katwijk,GM0537,17505,2,541.9
2235,Katwijk,GM0537,6270,3,607.6
2241,Wassenaar,GM0629,9255,3,555.6
2242,Wassenaar,GM0629,8500,3,700.8
2243,Wassenaar,GM0629,2770,5,784.5
2244,Wassenaar,GM0629,2270,4,784.5
2245,Wassenaar,GM0629,2360,5,698.1
2251,Voorschoten,GM0626,11355,3,581.2
2252,Voorschoten,GM0626,5560,2,595.0
2253,Voorschoten,GM0626,6632,2,476.5
2254,Voorschoten,GM0626,230,4,500.0
2261,Leidschendam-Voorburg,GM1916,5015,2,506.7
2262,Leidschendam-Voorburg,GM1916,3245,1,315.2
2263,Leidschendam-Voorburg,GM1916,5378,2,480.2
2264,Leidschendam-Voorburg,GM1916,8825,1,466.2
2265,Leidschendam-Voorburg,GM1916,4885,2,487.3
2266,Leidschendam-Voorburg,GM1916,6760,2,468.0
2267,Leidschendam-Voorburg,GM1916,420,3,784.5
2271,Leidschendam-Voorburg,GM1916,6872,2,614.5
2272,Leidschendam-Voorburg,GM1916,8505,1,532.6
2273,Leidschendam-Voorburg,GM1916,11918,1,354.8
2274,Leidschendam-Voorburg,GM1916,10400,1,427.0
2275,Leidschendam-Voorburg,GM1916,4785,2,617.0
2281,Rijswijk (ZH.),GM0603,4740,1,506.5
2282,Rijswijk (ZH.),GM0603,10445,1,306.6
2283,Rijswijk (ZH.),GM0603,6815,1,431.6
2284,Rijswijk (ZH.),GM0603,5035,1,295.2
2285,Rijswijk (ZH.),GM0603,8675,1,337.0
2286,Rijswijk (ZH.),GM0603,9720,2,537.9
2287,Rijswijk (ZH.),GM0603,3952,2,322.8
2288,Rijswijk (ZH.),GM0603,5035,3,414.1
2289,Rijswijk (ZH.),GM0603,1820,3,524.9
2291,Westland,GM1783,13270,2,504.9
2292,Westland,GM1783,2890,2,515.0
2295,Westland,GM1783,4330,4,541.0
2311,Leiden,GM0546,11445,1,501.2
2312,Leiden,GM0546,14990,1,400.5
2313,Leiden,GM0546,12285,1,539.8
2314,Leiden,GM0546,6165,1,561.0
2315,Leiden,GM0546,6182,1,361.0
2316,Leiden,GM0546,10262,1,412.0
2317,Leiden,GM0546,10688,1,425.6
2318,Leiden,GM0546,2800,2,518.0
2321,Leiden,GM0546,11938,1,355.8
2322,Leiden,GM0546,15,2,429.0
2323,Leiden,GM0546,395,3,646.0
2324,Leiden,GM0546,9588,1,321.7
2331,Leiden,GM0546,10132,2,420.2
2332,Leiden,GM0546,7905,1,377.5
2333,Leiden,GM0546,4440,2,377.7
2334,Leiden,GM0546,2895,2,627.5
2341,Oegstgeest,GM0579,10178,2,546.5
2342,Oegstgeest,GM0579,4175,3,779.8
2343,Oegstgeest,GM0579,11215,2,585.2
2351,Leiderdorp,GM0547,5350,3,588.3
2352,Leiderdorp,GM0547,8835,1,385.8
2353,Leiderdorp,GM0547,13545,2,468.0
2355,Kaag en Braassem,GM1884,1725,5,595.0
2361,Teylingen,GM1525,5120,4,597.9
2371,Kaag en Braassem,GM1884,9368,4,535.8
2374,Kaag en Braassem,GM1884,790,5,506.5
2375,Kaag en Braassem,GM1884,1610,5,488.0
2376,Kaag en Braassem,GM1884,690,5,529.0
2377,Kaag en Braassem,GM1884,3830,4,393.5
2381,Zoeterwoude,GM0638,5895,4,558.8
2382,Zoeterwoude,GM0638,4165,3,468.8
2391,Alphen aan den Rijn,GM0484,6380,4,511.0
2394,Alphen aan den Rijn,GM0484,6260,4,443.0
2396,Alphen aan den Rijn,GM0484,4120,4,509.0
2401,Alphen aan den Rijn,GM0484,9325,2,464.2
2402,Alphen aan den Rijn,GM0484,13615,1,345.5
2403,Alphen aan den Rijn,GM0484,10170,2,358.0
2404,Alphen aan den Rijn,GM0484,5425,2,274.0
2405,Alphen aan den Rijn,GM0484,8355,1,392.8
2406,Alphen aan den Rijn,GM0484,9930,1,447.3
2407,Alphen aan den Rijn,GM0484,930,5,610.5
2408,Alphen aan den Rijn,GM0484,17705,2,460.7
2409,Alphen aan den Rijn,GM0484,40,5,427.0
2411,Bodegraven-Reeuwijk,GM1901,17850,2,474.8
2412,Bodegraven-Reeuwijk,GM1901,2285,4,522.0
2415,Bodegraven-Reeuwijk,GM1901,1950,5,567.0
2421,Nieuwkoop,GM0569,5902,5,603.6
2431,Nieuwkoop,GM0569,1820,5,607.0
2432,Nieuwkoop,GM0569,200,5,642.0
2435,Nieuwkoop,GM0569,3040,5,546.3
2441,Nieuwkoop,GM0569,4400,5,566.4
2445,Alphen aan den Rijn,GM0484,1230,5,621.8
2451,Kaag en Braassem,GM1884,4720,5,549.6
2461,Nieuwkoop,GM0569,9780,5,559.0
2465,Kaag en Braassem,GM1884,1250,5,514.0
2471,Alphen aan den Rijn,GM0484,1910,5,418.0
2481,Kaag en Braassem,GM1884,3685,5,571.6
2491,'s-Gravenhage,GM0518,145,3,596.0
2492,'s-Gravenhage,GM0518,7905,3,489.5
2493,'s-Gravenhage,GM0518,6678,3,550.5
2495,'s-Gravenhage,GM0518,170,3,750.0
2496,'s-Gravenhage,GM0518,8462,3,498.8
2497,'s-Gravenhage,GM0518,7905,2,444.2
2498,'s-Gravenhage,GM0518,3952,3,609.0
2511,'s-Gravenhage,GM0518,3952,1,413.0
2512,'s-Gravenhage,GM0518,3952,1,313.0
2513,'s-Gravenhage,GM0518,3952,1,346.0
2514,'s-Gravenhage,GM0518,4320,1,560.5
2515,'s-Gravenhage,GM0518,8788,1,288.7
2516,'s-Gravenhage,GM0518,7372,1,314.0
2517,'s-Gravenhage,GM0518,7528,1,615.5
2518,'s-Gravenhage,GM0518,3952,1,437.0
2521,'s-Gravenhage,GM0518,7905,1,245.5
2522,'s-Gravenhage,GM0518,3952,1,245.0
2523,'s-Gravenhage,GM0518,3952,1,254.0
2524,'s-Gravenhage,GM0518,3820,1,282.0
2525,'s-Gravenhage,GM0518,7905,1,292.0
2526,'s-Gravenhage,GM0518,7905,1,268.0
2531,'s-Gravenhage,GM0518,7352,1,245.5
2532,'s-Gravenhage,GM0518,3952,1,238.0
2533,'s-Gravenhage,GM0518,4128,1,208.0
2541,'s-Gravenhage,GM0518,7905,1,232.0
2542,'s-Gravenhage,GM0518,3952,1,255.0
2543,'s-Gravenhage,GM0518,3952,1,248.0
2544,'s-Gravenhage,GM0518,6538,1,290.7
2545,'s-Gravenhage,GM0518,3952,1,318.0
2547,'s-Gravenhage,GM0518,3952,1,282.0
2548,'s-Gravenhage,GM0518,18612,1,478.0
2551,'s-Gravenhage,GM0518,9178,1,287.0
2552,'s-Gravenhage,GM0518,7905,1,316.0
2553,'s-Gravenhage,GM0518,5332,3,601.0
2554,'s-Gravenhage,GM0518,2320,2,710.0
2555,'s-Gravenhage,GM0518,9018,1,362.0
2562,'s-Gravenhage,GM0518,11858,1,374.7
2563,'s-Gravenhage,GM0518,3952,1,304.0
2564,'s-Gravenhage,GM0518,6598,1,428.0
2565,'s-Gravenhage,GM0518,10545,1,448.0
2566,'s-Gravenhage,GM0518,3952,1,784.5
2571,'s-Gravenhage,GM0518,3952,1,242.0
2572,'s-Gravenhage,GM0518,7905,1,290.0
2573,'s-Gravenhage,GM0518,7905,1,256.0
2574,'s-Gravenhage,GM0518,3952,1,255.0
2581,'s-Gravenhage,GM0518,3952,1,417.0
2582,'s-Gravenhage,GM0518,3952,1,714.0
2583,'s-Gravenhage,GM0518,7905,2,402.5
2584,'s-Gravenhage,GM0518,6878,1,384.5
2585,'s-Gravenhage,GM0518,4748,1,721.2
2586,'s-Gravenhage,GM0518,5718,1,479.5
2587,'s-Gravenhage,GM0518,3952,1,541.0
2591,'s-Gravenhage,GM0518,3952,1,272.0
2592,'s-Gravenhage,GM0518,6828,1,280.5
2593,'s-Gravenhage,GM0518,3952,1,392.0
2594,'s-Gravenhage,GM0518,1265,2,539.8
2595,'s-Gravenhage,GM0518,7905,1,397.0
2596,'s-Gravenhage,GM0518,6160,1,679.2
2597,'s-Gravenhage,GM0518,11302,3,628.2
2611,Delft,GM0503,13920,1,445.0
2612,Delft,GM0503,9825,1,368.1
2613,Delft,GM0503,13665,1,381.2
2614,Delft,GM0503,12740,1,452.5
2616,Delft,GM0503,80,2,354.0
2622,Delft,GM0503,7945,2,330.0
2623,Delft,GM0503,6080,2,319.2
2624,Delft,GM0503,14880,1,296.9
2625,Delft,GM0503,14528,1,292.1
2626,Delft,GM0503,35,3,354.0
2627,Delft,GM0503,1580,2,380.0
2628,Delft,GM0503,14335,1,390.9
2629,Delft,GM0503,385,4,496.5
2631,Pijnacker-Nootdorp,GM1926,16762,2,595.8
2632,Pijnacker-Nootdorp,GM1926,1740,2,505.0
2635,Midden-Delfland,GM1842,4342,4,600.0
2636,Midden-Delfland,GM1842,4145,5,590.6
2641,Pijnacker-Nootdorp,GM1926,16235,3,600.9
2642,Pijnacker-Nootdorp,GM1926,7390,2,473.7
2643,Pijnacker-Nootdorp,GM1926,6465,3,546.8
2645,Pijnacker-Nootdorp,GM1926,8885,3,589.6
2651,Lansingerland,GM1621,18335,3,500.6
2652,Lansingerland,GM1621,15840,3,577.2
2661,Lansingerland,GM1621,12940,3,582.7
2662,Lansingerland,GM1621,6885,2,566.6
2665,Lansingerland,GM1621,12055,4,560.0
2671,Westland,GM1783,12828,2,570.3
2672,Westland,GM1783,5915,2,561.7
2673,Westland,GM1783,3205,2,573.0
2675,Westland,GM1783,8015,4,480.6
2676,Westland,GM1783,4560,5,587.0
2678,Westland,GM1783,13305,3,510.9
2681,Westland,GM1783,14390,3,508.4
2684,Westland,GM1783,750,3,343.0
2685,Westland,GM1783,8245,4,554.4
2691,Westland,GM1783,14645,2,464.9
2692,Westland,GM1783,2845,2,428.0
2693,Westland,GM1783,2645,3,596.0
2694,Westland,GM1783,4105,2,522.5
2711,Zoetermeer,GM0637,4810,1,314.7
2712,Zoetermeer,GM0637,6315,2,367.2
2713,Zoetermeer,GM0637,6520,1,319.3
2715,Zoetermeer,GM0637,6010,1,293.1
2716,Zoetermeer,GM0637,10255,1,357.8
2717,Zoetermeer,GM0637,8145,2,338.0
2718,Zoetermeer,GM0637,8795,2,399.6
2719,Zoetermeer,GM0637,11900,2,445.4
2721,Zoetermeer,GM0637,11690,2,494.5
2722,Zoetermeer,GM0637,5870,1,342.8
2723,Zoetermeer,GM0637,3850,1,350.0
2724,Zoetermeer,GM0637,7180,1,328.3
2725,Zoetermeer,GM0637,5790,2,407.5
2726,Zoetermeer,GM0637,6085,1,343.8
2727,Zoetermeer,GM0637,5455,1,334.2
2728,Zoetermeer,GM0637,8425,2,444.1
2729,Zoetermeer,GM0637,12785,2,519.1
2731,Alphen aan den Rijn,GM0484,3670,4,493.0
2735,Zoeterwoude,GM0638,75,5,573.0
2741,Waddinxveen,GM0627,12290,3,415.3
2742,Waddinxveen,GM0627,12318,2,455.8
2743,Waddinxveen,GM0627,5672,3,446.5
2751,Zuidplas,GM1892,4940,4,534.9
2752,Zuidplas,GM1892,340,5,589.0
2761,Zuidplas,GM1892,10815,4,540.8
2771,Alphen aan den Rijn,GM0484,16730,4,478.3
2801,Gouda,GM0513,8630,1,355.4
2802,Gouda,GM0513,7782,1,296.6
2803,Gouda,GM0513,9970,2,407.0
2804,Gouda,GM0513,12340,2,426.2
2805,Gouda,GM0513,9458,2,436.8
2806,Gouda,GM0513,10128,1,345.6
2807,Gouda,GM0513,10650,2,378.3
2808,Gouda,GM0513,440,2,545.0
2809,Gouda,GM0513,3705,4,522.1
2811,Bodegraven-Reeuwijk,GM1901,11290,5,635.8
2821,Krimpenerwaard,GM1931,5430,5,620.1
2825,Krimpenerwaard,GM1931,1715,5,585.0
2831,Krimpenerwaard,GM1931,2605,4,370.0
2841,Zuidplas,GM1892,9205,3,439.1
2851,Krimpenerwaard,GM1931,4340,4,563.7
2855,Krimpenerwaard,GM1931,675,5,579.5
2861,Krimpenerwaard,GM1931,7140,5,656.0
2865,Krimpenerwaard,GM1931,1695,5,369.0
2871,Krimpenerwaard,GM1931,13590,3,439.8
2872,Krimpenerwaard,GM1931,105,4,784.5
2901,Capelle aan den IJssel,GM0502,9235,2,434.3
2902,Capelle aan den IJssel,GM0502,8440,1,444.4
2903,Capelle aan den IJssel,GM0502,9020,1,393.5
2904,Capelle aan den IJssel,GM0502,8305,2,424.0
2905,Capelle aan den IJssel,GM0502,6700,2,389.8
2906,Capelle aan den IJssel,GM0502,5555,2,342.2
2907,Capelle aan den IJssel,GM0502,14135,2,351.1
2908,Capelle aan den IJssel,GM0502,3445,2,351.1
2909,Capelle aan den IJssel,GM0502,3785,3,377.3
2911,Zuidplas,GM1892,8250,3,540.5
2912,Zuidplas,GM1892,6665,2,435.0
2913,Zuidplas,GM1892,790,4,537.3
2914,Zuidplas,GM1892,7750,3,383.0
2921,Krimpen aan den IJssel,GM0542,2320,3,417.0
2922,Krimpen aan den IJssel,GM0542,3952,2,341.0
2923,Krimpen aan den IJssel,GM0542,3952,2,367.0
2924,Krimpen aan den IJssel,GM0542,3952,2,413.0
2925,Krimpen aan den IJssel,GM0542,3952,2,412.0
2926,Krimpen aan den IJssel,GM0542,2275,2,451.0
2931,Krimpenerwaard,GM1931,6740,4,429.0
2935,Krimpenerwaard,GM1931,5658,5,527.7
2941,Krimpenerwaard,GM1931,7815,3,448.4
2951,Alblasserdam,GM0482,11025,2,343.3
2952,Alblasserdam,GM0482,1240,4,509.6
2953,Alblasserdam,GM0482,5495,4,330.0
2954,Alblasserdam,GM0482,2490,3,372.0
2957,Molenlanden,GM1978,7712,4,495.6
2959,Molenlanden,GM1978,2480,5,490.0
2961,Molenlanden,GM1978,765,4,375.0
2964,Molenlanden,GM1978,4445,5,574.2
2965,Molenlanden,GM1978,1420,5,465.5
2967,Molenlanden,GM1978,1885,5,490.8
2968,Molenlanden,GM1978,205,5,518.0
2969,Molenlanden,GM1978,2320,5,587.8
2971,Molenlanden,GM1978,3005,5,562.3
2973,Molenlanden,GM1978,1255,5,547.7
2974,Molenlanden,GM1978,1400,5,558.1
2975,Molenlanden,GM1978,1020,5,589.8
2977,Molenlanden,GM1978,970,5,547.5
2982,Ridderkerk,GM0597,7542,2,300.0
2983,Ridderkerk,GM0597,3952,2,354.0
2984,Ridderkerk,GM0597,4080,2,399.0
2985,Ridderkerk,GM0597,3952,2,323.0
2986,Ridderkerk,GM0597,3952,2,335.0
2987,Ridderkerk,GM0597,3952,2,315.0
2988,Ridderkerk,GM0597,3270,5,394.7
2989,Ridderkerk,GM0597,660,4,449.0
2991,Barendrecht,GM0489,13440,3,427.0
2992,Barendrecht,GM0489,14380,2,446.3
2993,Barendrecht,GM0489,14125,2,468.2
2994,Barendrecht,GM0489,5158,2,472.8
2995,Zwijndrecht,GM0642,3785,5,451.1
3011,Rotterdam,GM0599,3952,1,426.0
3012,Rotterdam,GM0599,3952,1,376.0
3013,Rotterdam,GM0599,3040,1,419.0
3014,Rotterdam,GM0599,3952,1,370.0
3015,Rotterdam,GM0599,1190,1,435.0
3016,Rotterdam,GM0599,3240,1,656.0
3021,Rotterdam,GM0599,3952,1,399.0
3022,Rotterdam,GM0599,3952,1,378.0
3024,Rotterdam,GM0599,7905,1,331.0
3025,Rotterdam,GM0599,3952,1,299.0
3026,Rotterdam,GM0599,3952,1,262.0
3027,Rotterdam,GM0599,3952,1,289.0
3028,Rotterdam,GM0599,4532,1,238.0
3029,Rotterdam,GM0599,2915,1,250.0
3031,Rotterdam,GM0599,3952,1,316.0
3032,Rotterdam,GM0599,3952,1,347.0
3033,Rotterdam,GM0599,3952,1,366.0
3034,Rotterdam,GM0599,7905,1,350.5
3035,Rotterdam,GM0599,3952,1,347.0
3037,Rotterdam,GM0599,3952,1,387.0
3038,Rotterdam,GM0599,3952,1,317.0
3039,Rotterdam,GM0599,3952,1,396.0
3041,Rotterdam,GM0599,195,2,341.5
3042,Rotterdam,GM0599,3952,2,306.0
3043,Rotterdam,GM0599,4322,3,312.5
3044,Rotterdam,GM0599,65,2,467.0
3045,Rotterdam,GM0599,3952,4,779.0
3046,Rotterdam,GM0599,340,5,633.0
3047,Rotterdam,GM0599,75,5,549.8
3051,Rotterdam,GM0599,3952,1,442.0
3053,Rotterdam,GM0599,3952,1,376.0
3054,Rotterdam,GM0599,3952,2,562.0
3055,Rotterdam,GM0599,3952,2,726.0
3056,Rotterdam,GM0599,3325,4,568.0
3059,Rotterdam,GM0599,3952,3,593.0
3061,Rotterdam,GM0599,3952,1,386.0
3062,Rotterdam,GM0599,4048,2,734.8
3063,Rotterdam,GM0599,7905,2,341.5
3064,Rotterdam,GM0599,1670,2,323.0
3065,Rotterdam,GM0599,3952,3,450.2
3066,Rotterdam,GM0599,3952,1,373.0
3067,Rotterdam,GM0599,7905,1,290.5
3068,Rotterdam,GM0599,7905,1,306.5
3071,Rotterdam,GM0599,11465,1,353.3
3072,Rotterdam,GM0599,10650,1,413.3
3073,Rotterdam,GM0599,3952,1,242.0
3074,Rotterdam,GM0599,3952,1,243.0
3075,Rotterdam,GM0599,3952,1,258.0
3076,Rotterdam,GM0599,3952,1,261.0
3077,Rotterdam,GM0599,7905,2,305.0
3079,Rotterdam,GM0599,3952,1,257.0
3081,Rotterdam,GM0599,3952,1,223.0
3082,Rotterdam,GM0599,3952,1,244.0
3083,Rotterdam,GM0599,5302,1,235.5
3084,Rotterdam,GM0599,2995,2,422.3
3085,Rotterdam,GM0599,3952,1,244.0
3086,Rotterdam,GM0599,3952,1,249.0
3087,Rotterdam,GM0599,10,3,341.5
3088,Rotterdam,GM0599,5,5,341.5
3089,Rotterdam,GM0599,1955,5,329.2
3111,Schiedam,GM0606,5365,1,361.2
3112,Schiedam,GM0606,11540,1,272.5
3113,Schiedam,GM0606,40,1,320.0
3114,Schiedam,GM0606,6330,2,277.2
3115,Schiedam,GM0606,10,4,320.0
3116,Schiedam,GM0606,3555,1,464.0
3117,Schiedam,GM0606,9625,1,307.4
3118,Schiedam,GM0606,6610,1,327.2
3119,Schiedam,GM0606,10380,1,298.6
3121,Schiedam,GM0606,3480,2,393.8
3122,Schiedam,GM0606,9700,1,250.7
3123,Schiedam,GM0606,7385,2,431.7
3124,Schiedam,GM0606,7815,2,462.7
3125,Schiedam,GM0606,400,4,426.0
3131,Vlaardingen,GM0622,11665,1,280.0
3132,Vlaardingen,GM0622,12895,2,360.9
3133,Vlaardingen,GM0622,2730,2,242.6
3134,Vlaardingen,GM0622,5728,2,371.0
3135,Vlaardingen,GM0622,11200,1,357.8
3136,Vlaardingen,GM0622,11840,1,334.3
3137,Vlaardingen,GM0622,13300,2,367.4
3138,Vlaardingen,GM0622,10,3,297.0
3141,Maassluis,GM0556,6315,2,416.1
3142,Maassluis,GM0556,5795,1,288.0
3143,Maassluis,GM0556,3135,3,347.5
3144,Maassluis,GM0556,7740,2,353.4
3145,Maassluis,GM0556,6585,2,351.0
3146,Maassluis,GM0556,4860,3,379.0
3147,Maassluis,GM0556,1995,2,587.0
3151,Rotterdam,GM0599,6578,4,342.7
3155,Midden-Delfland,GM1842,6052,4,640.5
3161,Albrandswaard,GM0613,9520,4,542.8
3162,Albrandswaard,GM0613,7475,3,543.4
3165,Albrandswaard,GM0613,0,5,478.5
3171,Albrandswaard,GM0613,6255,3,378.2
3172,Albrandswaard,GM0613,805,4,631.5
3176,Albrandswaard,GM0613,2665,4,526.0
3181,Rotterdam,GM0599,3952,4,317.2
3192,Rotterdam,GM0599,3952,2,295.0
3194,Rotterdam,GM0599,3952,2,302.0
3195,Rotterdam,GM0599,3952,4,303.0
3196,Rotterdam,GM0599,0,5,341.5
3197,Rotterdam,GM0599,5,5,341.5
3198,Rotterdam,GM0599,0,5,341.5
3199,Rotterdam,GM0599,15,5,341.5
3201,Nissewaard,GM1930,16095,1,307.4
3202,Nissewaard,GM1930,7215,3,278.4
3203,Nissewaard,GM1930,3820,1,330.1
3204,Nissewaard,GM1930,7055,1,282.3
3205,Nissewaard,GM1930,8455,2,302.8
3206,Nissewaard,GM1930,10515,1,255.2
3207,Nissewaard,GM1930,14798,2,332.8
3208,Nissewaard,GM1930,5625,3,362.4
3209,Nissewaard,GM1930,1950,4,357.2
3211,Nissewaard,GM1930,1675,5,334.5
3212,Nissewaard,GM1930,720,5,373.0
3214,Nissewaard,GM1930,6365,4,448.4
3216,Nissewaard,GM1930,1265,5,456.0
3218,Nissewaard,GM1930,2430,5,379.2
3221,Voorne aan Zee,GM1992,5860,3,382.2
3222,Voorne aan Zee,GM1992,3935,3,388.7
3223,Voorne aan Zee,GM1992,13725,2,421.3
3224,Voorne aan Zee,GM1992,8305,2,323.3
3225,Voorne aan Zee,GM1992,8085,2,309.0
3227,Voorne aan Zee,GM1992,1590,5,554.7
3231,Voorne aan Zee,GM1992,4445,5,487.0
3232,Voorne aan Zee,GM1992,9785,3,366.8
3233,Voorne aan Zee,GM1992,7372,5,593.2
3234,Voorne aan Zee,GM1992,260,5,500.0
3235,Voorne aan Zee,GM1992,6530,5,625.9
3237,Voorne aan Zee,GM1992,1850,5,492.0
3238,Voorne aan Zee,GM1992,1895,5,498.5
3241,Goeree-Overflakkee,GM1924,8060,4,392.4
3243,Goeree-Overflakkee,GM1924,1605,5,446.5
3244,Goeree-Overflakkee,GM1924,2430,5,431.3
3245,Goeree-Overflakkee,GM1924,7535,3,408.3
3247,Goeree-Overflakkee,GM1924,6040,4,420.8
3248,Goeree-Overflakkee,GM1924,2180,5,421.5
3249,Goeree-Overflakkee,GM1924,1250,5,350.3
3251,Goeree-Overflakkee,GM1924,3590,4,434.6
3252,Goeree-Overflakkee,GM1924,2285,5,532.3
3253,Goeree-Overflakkee,GM1924,6340,4,570.3
3255,Goeree-Overflakkee,GM1924,5270,4,387.3
3256,Goeree-Overflakkee,GM1924,1115,5,382.0
3257,Goeree-Overflakkee,GM1924,2730,5,421.7
3258,Goeree-Overflakkee,GM1924,1735,5,358.0
3261,Hoeksche Waard,GM1963,9092,3,418.0
3262,Hoeksche Waard,GM1963,8795,2,436.5
3263,Hoeksche Waard,GM1963,5362,3,398.0
3264,Hoeksche Waard,GM1963,4252,5,442.5
3265,Hoeksche Waard,GM1963,1915,5,423.0
3267,Hoeksche Waard,GM1963,2055,5,371.0
3271,Hoeksche Waard,GM1963,4582,5,494.0
3273,Hoeksche Waard,GM1963,2170,5,454.0
3274,Hoeksche Waard,GM1963,3740,5,434.7
3281,Hoeksche Waard,GM1963,4962,5,470.8
3284,Hoeksche Waard,GM1963,3640,5,415.5
3286,Hoeksche Waard,GM1963,4090,5,444.5
3291,Hoeksche Waard,GM1963,6062,5,337.7
3295,Hoeksche Waard,GM1963,5102,4,390.5
3297,Hoeksche Waard,GM1963,3978,5,384.2
3299,Hoeksche Waard,GM1963,3215,5,483.0
3311,Dordrecht,GM0505,17790,1,354.2
3312,Dordrecht,GM0505,11800,1,365.3
3313,Dordrecht,GM0505,6320,3,307.9
3314,Dordrecht,GM0505,16235,1,304.6
3315,Dordrecht,GM0505,18265,2,374.2
3316,Dordrecht,GM0505,1005,5,353.4
3317,Dordrecht,GM0505,14032,2,323.9
3318,Dordrecht,GM0505,5812,1,344.6
3319,Dordrecht,GM0505,8705,2,463.3
3328,Dordrecht,GM0505,17750,2,380.8
3329,Dordrecht,GM0505,1430,4,414.2
3331,Zwijndrecht,GM0642,11640,1,345.1
3332,Zwijndrecht,GM0642,9680,1,375.8
3333,Zwijndrecht,GM0642,7110,2,317.9
3334,Zwijndrecht,GM0642,6155,2,355.5
3335,Zwijndrecht,GM0642,6265,3,406.5
3336,Zwijndrecht,GM0642,40,4,344.0
3341,Hendrik-Ido-Ambacht,GM0531,7205,3,376.2
3342,Hendrik-Ido-Ambacht,GM0531,5502,3,539.2
3343,Hendrik-Ido-Ambacht,GM0531,6415,2,506.0
3344,Hendrik-Ido-Ambacht,GM0531,7905,2,535.0
3351,Papendrecht,GM0590,9520,2,356.9
3352,Papendrecht,GM0590,3460,3,375.0
3353,Papendrecht,GM0590,5655,2,330.5
3354,Papendrecht,GM0590,2395,2,353.0
3355,Papendrecht,GM0590,5715,3,387.2
3356,Papendrecht,GM0590,5535,4,468.1
3361,Sliedrecht,GM0610,7150,2,373.7
3362,Sliedrecht,GM0610,10905,2,307.3
3363,Sliedrecht,GM0610,8185,3,402.3
3364,Sliedrecht,GM0610,365,3,334.0
3366,Molenlanden,GM1978,725,5,522.5
3371,Hardinxveld-Giessendam,GM0523,13205,4,398.1
3372,Hardinxveld-Giessendam,GM0523,4830,5,401.9
3373,Hardinxveld-Giessendam,GM0523,1075,4,414.7
3381,Molenlanden,GM1978,4915,5,589.6
3401,IJsselstein,GM0353,11530,2,532.8
3402,IJsselstein,GM0353,9345,2,411.8
3403,IJsselstein,GM0353,2655,3,490.0
3404,IJsselstein,GM0353,9810,3,510.1
3405,Lopik,GM0331,3630,5,587.0
3411,Lopik,GM0331,6678,5,551.0
3412,Lopik,GM0331,1215,5,562.5
3413,Lopik,GM0331,290,5,432.0
3415,Lopik,GM0331,1350,5,542.5
3417,Montfoort,GM0335,8298,5,605.5
3421,Oudewater,GM0589,8495,4,520.1
3425,Oudewater,GM0589,755,4,648.0
3431,Nieuwegein,GM0356,8720,1,370.8
3432,Nieuwegein,GM0356,6585,2,349.5
3433,Nieuwegein,GM0356,3635,3,404.2
3434,Nieuwegein,GM0356,8775,3,383.5
3435,Nieuwegein,GM0356,6020,2,391.3
3436,Nieuwegein,GM0356,6605,2,388.0
3437,Nieuwegein,GM0356,13185,2,417.7
3438,Nieuwegein,GM0356,10200,3,440.0
3439,Nieuwegein,GM0356,3055,4,357.2
3441,Woerden,GM0632,2870,2,381.0
3442,Woerden,GM0632,4222,2,387.5
3443,Woerden,GM0632,5432,2,459.7
3444,Woerden,GM0632,195,5,678.0
3445,Woerden,GM0632,4048,4,626.2
3446,Woerden,GM0632,7252,4,595.4
3447,Woerden,GM0632,725,3,403.5
3448,Woerden,GM0632,7682,3,445.3
3449,Woerden,GM0632,360,4,560.5
3451,Utrecht,GM0344,4942,3,694.2
3452,Utrecht,GM0344,11858,2,642.7
3453,Utrecht,GM0344,3952,2,548.0
3454,Utrecht,GM0344,8160,2,661.8
3455,Utrecht,GM0344,605,5,784.5
3461,Montfoort,GM0335,3930,5,623.4
3464,Oudewater,GM0589,380,5,546.5
3465,Bodegraven-Reeuwijk,GM1901,2085,5,591.2
3466,Bodegraven-Reeuwijk,GM1901,1745,5,622.3
3467,Oudewater,GM0589,725,5,563.5
3471,Woerden,GM0632,3970,5,488.3
3474,Woerden,GM0632,2440,5,514.5
3481,Woerden,GM0632,7588,5,546.2
3511,Utrecht,GM0344,10630,1,525.7
3512,Utrecht,GM0344,10020,1,596.0
3513,Utrecht,GM0344,6082,1,443.0
3514,Utrecht,GM0344,6728,1,582.5
3515,Utrecht,GM0344,6940,1,483.3
3521,Utrecht,GM0344,3952,1,532.0
3522,Utrecht,GM0344,3952,1,487.0
3523,Utrecht,GM0344,10352,1,451.0
3524,Utrecht,GM0344,7905,2,405.0
3525,Utrecht,GM0344,6468,1,446.5
3526,Utrecht,GM0344,7388,1,297.7
3527,Utrecht,GM0344,7905,1,352.5
3528,Utrecht,GM0344,10,3,481.0
3531,Utrecht,GM0344,11305,1,431.5
3532,Utrecht,GM0344,3952,1,455.0
3533,Utrecht,GM0344,9158,1,517.0
3534,Utrecht,GM0344,1875,1,462.0
3541,Utrecht,GM0344,12968,1,543.8
3542,Utrecht,GM0344,140,4,548.0
3543,Utrecht,GM0344,7945,3,538.0
3544,Utrecht,GM0344,18972,1,581.2
3545,Utrecht,GM0344,2850,5,607.0
3546,Utrecht,GM0344,270,5,784.5
3551,Utrecht,GM0344,6840,1,424.0
3552,Utrecht,GM0344,6142,1,426.5
3553,Utrecht,GM0344,6818,1,414.5
3554,Utrecht,GM0344,7878,1,423.0
3555,Utrecht,GM0344,8245,1,431.0
3561,Utrecht,GM0344,7905,1,343.5
3562,Utrecht,GM0344,7905,1,290.0
3563,Utrecht,GM0344,7232,1,341.0
3564,Utrecht,GM0344,7905,2,320.5
3565,Utrecht,GM0344,95,3,784.5
3566,Utrecht,GM0344,250,2,784.5
3571,Utrecht,GM0344,7398,1,590.5
3572,Utrecht,GM0344,8432,1,580.0
3573,Utrecht,GM0344,3952,2,581.0
3581,Utrecht,GM0344,7905,1,607.0
3582,Utrecht,GM0344,10110,1,441.2
3583,Utrecht,GM0344,6160,1,699.2
3584,Utrecht,GM0344,7585,3,473.7
3585,Utrecht,GM0344,205,4,784.5
3601,Stichtse Vecht,GM1904,6815,3,533.6
3602,Stichtse Vecht,GM1904,3810,3,658.5
3603,Stichtse Vecht,GM1904,2630,2,666.3
3604,Stichtse Vecht,GM1904,2825,2,614.7
3605,Stichtse Vecht,GM1904,5745,2,355.0
3606,Stichtse Vecht,GM1904,820,3,222.5
3607,Stichtse Vecht,GM1904,13645,2,430.9
3608,Stichtse Vecht,GM1904,3415,3,413.5
3611,Stichtse Vecht,GM1904,595,4,784.5
3612,Stichtse Vecht,GM1904,1810,5,648.2
3615,De Bilt,GM0310,1195,5,684.0
3621,Stichtse Vecht,GM1904,10758,4,601.7
3625,Wijdemeren,GM1696,180,5,784.5
3626,Stichtse Vecht,GM1904,735,5,605.0
3628,Stichtse Vecht,GM1904,3480,5,640.9
3631,Stichtse Vecht,GM1904,490,5,644.9
3632,Stichtse Vecht,GM1904,4490,5,689.5
3633,Stichtse Vecht,GM1904,1975,5,692.0
3634,Stichtse Vecht,GM1904,485,5,534.7
3641,De Ronde Venen,GM0736,13250,3,463.2
3642,De Ronde Venen,GM0736,3070,3,437.0
3645,De Ronde Venen,GM0736,8768,5,636.1
3646,De Ronde Venen,GM0736,805,5,588.5
3648,De Ronde Venen,GM0736,6672,4,568.7
3651,Nieuwkoop,GM0569,165,5,784.5
3652,Nieuwkoop,GM0569,635,5,552.0
3701,Zeist,GM0355,6720,2,518.0
3702,Zeist,GM0355,3952,1,501.0
3703,Zeist,GM0355,5880,2,568.7
3704,Zeist,GM0355,10895,2,486.6
3705,Zeist,GM0355,10958,2,468.0
3706,Zeist,GM0355,3952,3,255.0
3707,Zeist,GM0355,4155,4,752.2
3708,Zeist,GM0355,6765,4,593.5
3709,Zeist,GM0355,435,5,604.0
3711,Zeist,GM0355,1865,5,590.0
3712,Zeist,GM0355,3220,5,549.2
3721,De Bilt,GM0310,6708,2,583.3
3722,De Bilt,GM0310,4630,3,675.3
3723,De Bilt,GM0310,9292,4,691.2
3731,De Bilt,GM0310,5272,3,665.5
3732,De Bilt,GM0310,4402,3,606.2
3734,Zeist,GM0355,4430,4,684.2
3735,Zeist,GM0355,1715,5,784.5
3737,De Bilt,GM0310,1970,5,781.8
3738,De Bilt,GM0310,4362,5,582.2
3739,De Bilt,GM0310,1545,5,763.8
3741,Baarn,GM0308,8855,3,520.6
3742,Baarn,GM0308,9335,2,463.0
3743,Baarn,GM0308,5675,2,676.0
3744,Baarn,GM0308,995,5,464.2
3749,Baarn,GM0308,320,5,735.2
3751,Bunschoten,GM0313,11488,4,569.8
3752,Bunschoten,GM0313,9500,3,428.3
3754,Bunschoten,GM0313,815,5,695.0
3755,Eemnes,GM0317,9540,5,666.0
3761,Soest,GM0342,3952,3,557.0
3762,Soest,GM0342,8098,2,423.5
3763,Soest,GM0342,2320,5,659.5
3764,Soest,GM0342,5525,3,557.2
3765,Soest,GM0342,4298,2,463.0
3766,Soest,GM0342,5638,3,649.4
3768,Soest,GM0342,4892,5,728.5
3769,Soest,GM0342,8015,4,533.1
3771,Barneveld,GM0203,13350,3,468.9
3772,Barneveld,GM0203,17678,2,425.4
3773,Barneveld,GM0203,3425,4,459.0
3774,Barneveld,GM0203,6040,5,549.7
3775,Barneveld,GM0203,285,5,710.8
3776,Barneveld,GM0203,1760,5,525.0
3781,Barneveld,GM0203,12265,3,478.1
3784,Barneveld,GM0203,1540,5,567.3
3785,Barneveld,GM0203,1600,5,541.5
3791,Leusden,GM0327,2845,5,593.5
3792,Barneveld,GM0203,150,5,684.0
3794,Barneveld,GM0203,725,5,521.0
3811,Amersfoort,GM0307,7365,1,388.5
3812,Amersfoort,GM0307,12790,2,383.2
3813,Amersfoort,GM0307,15155,2,401.2
3814,Amersfoort,GM0307,6295,1,349.0
3815,Amersfoort,GM0307,11710,1,370.9
3816,Amersfoort,GM0307,12340,1,417.8
3817,Amersfoort,GM0307,11985,2,518.6
3818,Amersfoort,GM0307,10805,2,643.9
3819,Amersfoort,GM0307,700,4,542.5
3821,Amersfoort,GM0307,1045,4,444.5
3822,Amersfoort,GM0307,7785,2,472.0
3823,Amersfoort,GM0307,10710,2,439.9
3824,Amersfoort,GM0307,14485,2,460.0
3825,Amersfoort,GM0307,14445,2,509.6
3826,Amersfoort,GM0307,10655,3,484.9
3828,Amersfoort,GM0307,10090,2,546.1
3829,Amersfoort,GM0307,4835,3,620.0
3831,Leusden,GM0327,13090,2,467.6
3832,Leusden,GM0327,5425,4,618.7
3833,Leusden,GM0327,8075,3,455.7
3834,Leusden,GM0327,2085,3,454.7
3835,Leusden,GM0327,385,5,689.0
3836,Amersfoort,GM0307,110,5,743.0
3841,Harderwijk,GM0243,6215,2,387.5
3842,Harderwijk,GM0243,7120,2,351.3
3843,Harderwijk,GM0243,6755,2,329.0
3844,Harderwijk,GM0243,9045,2,372.7
3845,Harderwijk,GM0243,10410,3,485.0
3846,Harderwijk,GM0243,1960,4,436.3
3847,Harderwijk,GM0243,995,4,561.2
3848,Harderwijk,GM0243,3995,3,439.8
3849,Harderwijk,GM0243,3550,5,601.5
3851,Ermelo,GM0233,10708,3,524.0
3852,Ermelo,GM0233,4615,5,557.6
3853,Ermelo,GM0233,8118,5,522.5
3861,Nijkerk,GM0267,10020,3,511.8
3862,Nijkerk,GM0267,13805,3,545.6
3863,Nijkerk,GM0267,7820,4,487.2
3864,Nijkerk,GM0267,4285,5,614.3
3871,Nijkerk,GM0267,9790,4,528.7
3881,Putten,GM0273,9988,5,599.4
3882,Putten,GM0273,12292,5,584.6
3886,Barneveld,GM0203,2220,5,638.0
3888,Apeldoorn,GM0200,3375,5,689.2
3891,Zeewolde,GM0050,5270,3,353.5
3892,Zeewolde,GM0050,3952,3,412.0
3893,Zeewolde,GM0050,3952,3,418.0
3894,Zeewolde,GM0050,3952,4,458.0
3895,Zeewolde,GM0050,0,4,412.0
3896,Zeewolde,GM0050,1515,5,393.0
3897,Zeewolde,GM0050,575,5,598.2
3898,Zeewolde,GM0050,195,5,784.5
3899,Zeewolde,GM0050,70,5,407.0
3901,Veenendaal,GM0345,10488,1,312.8
3902,Veenendaal,GM0345,10198,2,490.6
3903,Veenendaal,GM0345,8120,3,531.8
3904,Veenendaal,GM0345,10898,2,556.2
3905,Veenendaal,GM0345,13050,2,475.7
3906,Veenendaal,GM0345,8005,3,443.3
3907,Veenendaal,GM0345,6845,4,588.3
3911,Rhenen,GM0340,15025,4,547.2
3912,Rhenen,GM0340,600,3,373.0
3921,Rhenen,GM0340,4190,5,509.4
3922,Rhenen,GM0340,580,5,710.0
3925,Scherpenzeel,GM0279,5402,4,504.7
3927,Renswoude,GM0339,5780,5,547.5
3931,Woudenberg,GM0351,14770,4,614.5
3941,Utrechtse Heuvelrug,GM1581,10750,5,601.8
3945,Wijk bij Duurstede,GM0352,3275,5,562.5
3947,Wijk bij Duurstede,GM0352,2500,5,616.5
3951,Utrechtse Heuvelrug,GM1581,4408,5,676.8
3953,Utrechtse Heuvelrug,GM1581,1425,5,663.2
3956,Utrechtse Heuvelrug,GM1581,5172,5,639.8
3958,Utrechtse Heuvelrug,GM1581,4298,5,630.8
3959,Utrechtse Heuvelrug,GM1581,1435,5,623.0
3961,Wijk bij Duurstede,GM0352,9510,3,463.6
3962,Wijk bij Duurstede,GM0352,8545,3,458.2
3971,Utrechtse Heuvelrug,GM1581,7650,4,653.0
3972,Utrechtse Heuvelrug,GM1581,10112,4,626.6
3981,Bunnik,GM0312,4338,5,597.8
3984,Bunnik,GM0312,4678,5,623.5
3985,Bunnik,GM0312,2680,5,628.5
3989,Vijfheerenlanden,GM1961,20,5,449.0
3991,Houten,GM0321,17970,3,545.9
3992,Houten,GM0321,6010,4,559.3
3993,Houten,GM0321,4985,3,450.8
3994,Houten,GM0321,14655,2,558.9
3995,Houten,GM0321,3745,2,416.8
3997,Houten,GM0321,675,5,630.7
3998,Houten,GM0321,2190,5,685.1
3999,Houten,GM0321,735,5,675.7
4001,Tiel,GM0281,11140,2,308.0
4002,Tiel,GM0281,3005,2,437.0
4003,Tiel,GM0281,7265,4,428.2
4004,Tiel,GM0281,45,5,418.5
4005,Tiel,GM0281,5970,3,361.0
4006,Tiel,GM0281,3520,3,385.7
4007,Tiel,GM0281,9505,4,479.8
4011,Buren,GM0214,1785,5,591.0
4012,Buren,GM0214,1530,5,540.0
4013,Tiel,GM0281,845,5,583.0
4014,Tiel,GM0281,1130,5,536.0
4016,Buren,GM0214,190,5,530.0
4021,Buren,GM0214,5050,5,457.0
4023,Buren,GM0214,550,5,488.5
4024,Buren,GM0214,1610,5,506.5
4031,Buren,GM0214,2260,5,551.8
4032,Buren,GM0214,820,5,573.0
4033,Buren,GM0214,5930,5,498.5
4041,Neder-Betuwe,GM1740,6622,5,448.8
4043,Neder-Betuwe,GM1740,4628,5,431.0
4051,Neder-Betuwe,GM1740,4908,5,437.7
4053,Neder-Betuwe,GM1740,1065,5,424.5
4054,Neder-Betuwe,GM1740,1040,5,460.7
4061,West Betuwe,GM1960,1655,5,526.0
4062,Tiel,GM0281,160,5,644.0
4063,West Betuwe,GM1960,430,5,483.8
4064,West Betuwe,GM1960,1085,5,529.0
4101,Culemborg,GM0216,7815,3,541.5
4102,Culemborg,GM0216,7880,3,347.2
4103,Culemborg,GM0216,1480,2,421.0
4104,Culemborg,GM0216,85,4,442.0
4105,Culemborg,GM0216,10540,3,449.0
4106,Culemborg,GM0216,2140,4,549.0
4107,Culemborg,GM0216,355,5,731.5
4111,Buren,GM0214,555,5,466.0
4112,Buren,GM0214,3455,5,557.0
4115,Buren,GM0214,395,5,520.5
4116,Buren,GM0214,2580,5,455.2
4117,Buren,GM0214,520,5,561.5
4119,Buren,GM0214,645,5,570.3
4121,Vijfheerenlanden,GM1961,1170,5,535.5
4122,Vijfheerenlanden,GM1961,875,5,572.5
4124,Vijfheerenlanden,GM1961,1530,5,608.5
4125,Vijfheerenlanden,GM1961,4275,4,577.3
4126,Vijfheerenlanden,GM1961,1015,5,475.5
4128,Vijfheerenlanden,GM1961,3005,5,537.0
4131,Vijfheerenlanden,GM1961,4365,3,390.2
4132,Vijfheerenlanden,GM1961,5260,3,477.3
4133,Vijfheerenlanden,GM1961,7450,4,449.9
4141,Vijfheerenlanden,GM1961,5505,3,354.6
4142,Vijfheerenlanden,GM1961,8015,3,353.5
4143,Vijfheerenlanden,GM1961,6715,3,411.0
4145,Vijfheerenlanden,GM1961,1670,5,488.0
4147,West Betuwe,GM1960,3230,5,484.4
4151,West Betuwe,GM1960,585,5,565.0
4152,West Betuwe,GM1960,915,5,517.0
4153,West Betuwe,GM1960,3325,5,496.0
4155,West Betuwe,GM1960,345,5,603.5
4156,West Betuwe,GM1960,935,5,609.0
4157,West Betuwe,GM1960,550,5,539.5
4158,West Betuwe,GM1960,2060,5,519.5
4161,West Betuwe,GM1960,2225,5,467.0
4163,Vijfheerenlanden,GM1961,235,5,549.0
4171,West Betuwe,GM1960,2850,5,457.0
4174,West Betuwe,GM1960,1065,5,520.5
4175,West Betuwe,GM1960,2930,5,536.0
4176,West Betuwe,GM1960,1095,5,492.5
4181,West Betuwe,GM1960,2385,5,507.7
4182,West Betuwe,GM1960,470,5,646.5
4184,West Betuwe,GM1960,1190,5,493.8
4185,West Betuwe,GM1960,570,5,564.5
4191,West Betuwe,GM1960,11165,4,503.6
4194,West Betuwe,GM1960,5800,4,541.0
4196,West Betuwe,GM1960,2095,5,525.5
4197,West Betuwe,GM1960,1200,5,572.7
4201,Gorinchem,GM0512,5970,2,349.5
4202,Gorinchem,GM0512,80,4,378.0
4203,Gorinchem,GM0512,500,3,346.5
4204,Gorinchem,GM0512,3952,2,255.0
4205,Gorinchem,GM0512,9650,4,441.0
4206,Gorinchem,GM0512,3085,3,373.5
4207,Gorinchem,GM0512,9825,3,434.9
4208,Gorinchem,GM0512,3825,5,476.5
4209,Molenlanden,GM1978,1315,5,558.8
4211,West Betuwe,GM1960,970,5,539.0
4213,Gorinchem,GM0512,870,4,490.0
4214,West Betuwe,GM1960,2215,5,544.5
4221,Molenlanden,GM1978,1445,5,575.5
4223,Molenlanden,GM1978,1945,5,646.5
4225,Molenlanden,GM1978,1825,5,581.6
4231,Vijfheerenlanden,GM1961,4015,5,467.7
4233,Vijfheerenlanden,GM1961,3205,5,425.0
4235,Vijfheerenlanden,GM1961,795,5,507.3
4241,Molenlanden,GM1978,3425,5,549.2
4243,Vijfheerenlanden,GM1961,1060,5,553.2
4245,Vijfheerenlanden,GM1961,1550,5,554.2
4247,Vijfheerenlanden,GM1961,845,5,485.0
4251,Altena,GM1959,11885,4,457.7
4254,Altena,GM1959,6112,4,483.0
4255,Altena,GM1959,3740,5,429.0
4261,Altena,GM1959,6985,5,428.2
4264,Altena,GM1959,3195,5,412.0
4265,Altena,GM1959,1695,5,438.0
4266,Altena,GM1959,895,5,428.0
4267,Altena,GM1959,445,5,524.0
4268,Altena,GM1959,780,5,452.0
4269,Altena,GM1959,470,5,554.5
4271,Altena,GM1959,2675,5,487.7
4273,Altena,GM1959,4300,5,450.5
4281,Altena,GM1959,2750,5,477.0
4283,Altena,GM1959,1620,5,468.7
4284,Altena,GM1959,2020,5,484.5
4285,Altena,GM1959,4645,5,495.2
4286,Altena,GM1959,3850,5,503.2
4287,Altena,GM1959,295,5,470.0
4288,Altena,GM1959,355,5,586.0
4301,Schouwen-Duiveland,GM1676,10272,4,415.0
4303,Schouwen-Duiveland,GM1676,1035,5,507.0
4305,Schouwen-Duiveland,GM1676,590,5,472.0
4306,Schouwen-Duiveland,GM1676,2755,5,430.5
4307,Schouwen-Duiveland,GM1676,2355,5,404.5
4308,Schouwen-Duiveland,GM1676,320,5,411.0
4311,Schouwen-Duiveland,GM1676,3825,5,496.7
4315,Schouwen-Duiveland,GM1676,955,5,463.5
4316,Schouwen-Duiveland,GM1676,750,5,440.5
4317,Schouwen-Duiveland,GM1676,760,5,525.3
4318,Schouwen-Duiveland,GM1676,1270,5,378.5
4321,Schouwen-Duiveland,GM1676,980,5,456.0
4322,Schouwen-Duiveland,GM1676,1300,5,441.5
4323,Schouwen-Duiveland,GM1676,355,5,557.0
4325,Schouwen-Duiveland,GM1676,1495,5,581.9
4326,Schouwen-Duiveland,GM1676,285,5,505.5
4327,Schouwen-Duiveland,GM1676,270,5,524.0
4328,Schouwen-Duiveland,GM1676,4190,5,627.8
4331,Middelburg (Z.),GM0687,6535,1,294.0
4332,Middelburg (Z.),GM0687,4145,3,331.7
4333,Middelburg (Z.),GM0687,5230,5,396.0
4334,Middelburg (Z.),GM0687,3090,4,347.0
4335,Middelburg (Z.),GM0687,7695,3,305.0
4336,Middelburg (Z.),GM0687,6955,2,347.1
4337,Middelburg (Z.),GM0687,9725,3,319.0
4338,Middelburg (Z.),GM0687,135,5,317.5
4339,Middelburg (Z.),GM0687,1385,5,355.7
4341,Middelburg (Z.),GM0687,5260,4,430.2
4351,Veere,GM0717,1635,5,504.0
4352,Veere,GM0717,510,5,564.0
4353,Veere,GM0717,1820,5,513.0
4354,Veere,GM0717,1045,5,576.7
4356,Veere,GM0717,2235,5,591.3
4357,Veere,GM0717,1765,5,550.5
4361,Veere,GM0717,2590,5,480.2
4363,Veere,GM0717,1505,5,481.0
4364,Veere,GM0717,1415,5,471.0
4365,Veere,GM0717,1470,5,473.5
4371,Veere,GM0717,3445,5,628.9
4373,Veere,GM0717,870,5,546.2
4374,Veere,GM0717,1625,5,499.8
4381,Vlissingen,GM0718,7815,1,229.0
4382,Vlissingen,GM0718,8730,2,273.3
4383,Vlissingen,GM0718,3230,2,243.8
4384,Vlissingen,GM0718,5160,3,284.5
4385,Vlissingen,GM0718,5350,2,265.7
4386,Vlissingen,GM0718,4555,3,435.5
4387,Vlissingen,GM0718,65,4,336.0
4388,Vlissingen,GM0718,10285,2,279.8
4389,Vlissingen,GM0718,555,5,377.2
4401,Reimerswaal,GM0703,7165,4,412.8
4411,Reimerswaal,GM0703,3030,5,319.0
4413,Reimerswaal,GM0703,4460,5,342.2
4414,Reimerswaal,GM0703,1445,5,361.0
4415,Reimerswaal,GM0703,610,5,348.0
4416,Reimerswaal,GM0703,4885,5,373.4
4417,Reimerswaal,GM0703,1730,5,344.7
4421,Kapelle,GM0678,4522,5,439.5
4423,Kapelle,GM0678,485,5,342.5
4424,Kapelle,GM0678,3070,5,420.5
4431,Borsele,GM0654,4128,5,396.0
4433,Borsele,GM0654,735,5,344.5
4434,Borsele,GM0654,965,5,373.0
4435,Borsele,GM0654,570,5,406.5
4436,Borsele,GM0654,660,5,395.5
4437,Borsele,GM0654,390,5,362.5
4438,Borsele,GM0654,570,5,373.0
4441,Borsele,GM0654,1215,5,380.5
4443,Borsele,GM0654,575,5,436.0
4444,Borsele,GM0654,520,5,429.0
4451,Borsele,GM0654,4498,5,428.5
4453,Borsele,GM0654,2025,5,354.0
4454,Borsele,GM0654,1475,5,356.3
4455,Borsele,GM0654,1360,5,343.7
4456,Borsele,GM0654,1840,5,372.5
4458,Goes,GM0664,1990,5,449.8
4461,Goes,GM0664,9652,2,286.3
4462,Goes,GM0664,6838,4,409.2
4463,Goes,GM0664,4812,4,378.5
4464,Goes,GM0664,2600,4,475.5
4465,Goes,GM0664,920,5,784.5
4471,Goes,GM0664,2340,5,369.0
4472,Goes,GM0664,1200,5,401.0
4474,Goes,GM0664,590,5,442.7
4475,Goes,GM0664,745,5,422.0
4481,Goes,GM0664,3315,3,401.3
4484,Noord-Beveland,GM1695,2150,5,383.0
4485,Noord-Beveland,GM1695,450,5,380.0
4486,Noord-Beveland,GM1695,1595,5,331.5
4491,Noord-Beveland,GM1695,1250,5,338.5
4493,Noord-Beveland,GM1695,2230,5,485.7
4494,Noord-Beveland,GM1695,370,5,298.0
4501,Sluis,GM1714,4358,5,331.5
4503,Sluis,GM1714,890,5,385.5
4504,Sluis,GM1714,395,5,397.3
4505,Sluis,GM1714,460,5,379.0
4506,Sluis,GM1714,700,5,540.7
4507,Sluis,GM1714,1385,5,316.0
4508,Sluis,GM1714,470,5,326.5
4511,Sluis,GM1714,4278,5,374.0
4513,Sluis,GM1714,745,5,326.0
4515,Sluis,GM1714,2515,5,367.3
4521,Terneuzen,GM0715,1590,5,318.0
4524,Sluis,GM1714,2395,5,458.0
4525,Sluis,GM1714,255,5,657.0
4527,Sluis,GM1714,2430,5,344.0
4528,Sluis,GM1714,205,5,410.0
4529,Sluis,GM1714,955,5,357.0
4531,Terneuzen,GM0715,3180,3,205.0
4532,Terneuzen,GM0715,6595,2,243.0
4533,Terneuzen,GM0715,4012,5,444.5
4535,Terneuzen,GM0715,4605,4,285.0
4536,Terneuzen,GM0715,2360,3,232.5
4537,Terneuzen,GM0715,4975,3,227.0
4538,Terneuzen,GM0715,180,4,301.0
4539,Terneuzen,GM0715,180,5,309.5
4541,Terneuzen,GM0715,2250,5,308.0
4542,Terneuzen,GM0715,2805,5,280.5
4543,Terneuzen,GM0715,2715,5,283.0
4551,Terneuzen,GM0715,3955,5,260.0
4553,Terneuzen,GM0715,2035,5,346.5
4554,Terneuzen,GM0715,1955,5,269.5
4561,Hulst,GM0677,9850,4,327.1
4562,Hulst,GM0677,1040,5,500.0
4564,Hulst,GM0677,3170,5,315.0
4565,Hulst,GM0677,355,5,360.5
4566,Hulst,GM0677,1200,5,472.5
4567,Hulst,GM0677,2320,5,356.3
4568,Hulst,GM0677,970,5,347.0
4569,Hulst,GM0677,915,5,281.3
4571,Terneuzen,GM0715,4702,5,300.0
4574,Terneuzen,GM0715,890,5,347.5
4575,Terneuzen,GM0715,260,5,410.5
4576,Terneuzen,GM0715,2615,5,337.5
4581,Hulst,GM0677,1790,5,313.0
4583,Hulst,GM0677,460,5,307.5
4584,Hulst,GM0677,245,5,330.0
4585,Hulst,GM0677,680,5,307.0
4586,Hulst,GM0677,565,5,346.5
4587,Hulst,GM0677,3200,5,300.8
4588,Hulst,GM0677,335,5,311.7
4589,Hulst,GM0677,285,5,347.5
4611,Bergen op Zoom,GM0748,8512,1,301.2
4612,Bergen op Zoom,GM0748,1780,3,410.0
4613,Bergen op Zoom,GM0748,2205,2,311.0
4614,Bergen op Zoom,GM0748,8985,2,387.5
4615,Bergen op Zoom,GM0748,5655,1,270.0
4616,Bergen op Zoom,GM0748,2240,2,436.0
4617,Bergen op Zoom,GM0748,3952,3,403.0
4621,Bergen op Zoom,GM0748,3952,1,253.0
4622,Bergen op Zoom,GM0748,60,2,418.0
4623,Bergen op Zoom,GM0748,3952,2,256.0
4624,Bergen op Zoom,GM0748,6800,2,277.0
4625,Bergen op Zoom,GM0748,2905,5,480.7
4631,Woensdrecht,GM0873,7478,5,435.8
4634,Woensdrecht,GM0873,1440,5,512.0
4635,Woensdrecht,GM0873,2040,5,523.5
4641,Woensdrecht,GM0873,5248,5,538.1
4645,Woensdrecht,GM0873,3800,5,312.5
4651,Steenbergen,GM0851,13402,5,456.5
4655,Steenbergen,GM0851,545,5,463.0
4661,Bergen op Zoom,GM0748,12565,4,447.4
4664,Bergen op Zoom,GM0748,1905,5,530.2
4671,Steenbergen,GM0851,4402,5,480.8
4675,Tholen,GM0716,2680,5,335.7
4681,Steenbergen,GM0851,2290,5,431.5
4691,Tholen,GM0716,4328,5,406.0
4693,Tholen,GM0716,1795,5,341.0
4694,Tholen,GM0716,1850,5,370.0
4695,Tholen,GM0716,3590,5,333.0
4696,Tholen,GM0716,1710,5,344.0
4697,Tholen,GM0716,4090,5,363.5
4698,Tholen,GM0716,2730,5,377.5
4701,Roosendaal,GM1674,7090,1,300.2
4702,Roosendaal,GM1674,12842,2,269.0
4703,Roosendaal,GM1674,7905,2,333.8
4704,Roosendaal,GM1674,80,5,310.0
4705,Roosendaal,GM1674,335,5,444.5
4706,Roosendaal,GM1674,10688,4,501.6
4707,Roosendaal,GM1674,15935,2,359.4
4708,Roosendaal,GM1674,11955,3,425.1
4709,Roosendaal,GM1674,1800,5,520.0
4711,Rucphen,GM0840,4308,4,524.0
4714,Rucphen,GM0840,5350,4,518.7
4715,Rucphen,GM0840,5145,5,475.5
4721,Rucphen,GM0840,1665,5,503.0
4724,Roosendaal,GM1674,4122,5,429.0
4725,Roosendaal,GM1674,1210,5,501.5
4726,Roosendaal,GM1674,1850,5,492.5
4727,Roosendaal,GM1674,625,5,530.0
4731,Halderberge,GM1655,12598,4,398.1
4735,Rucphen,GM0840,2110,5,460.0
4741,Halderberge,GM1655,5938,5,528.2
4744,Halderberge,GM1655,2695,5,516.0
4751,Halderberge,GM1655,5548,5,487.0
4754,Halderberge,GM1655,1220,5,379.0
4756,Steenbergen,GM0851,2435,5,503.5
4758,Moerdijk,GM1709,2280,5,452.5
4759,Moerdijk,GM1709,1050,5,425.0
4761,Moerdijk,GM1709,13095,3,409.8
4762,Moerdijk,GM1709,2315,4,438.3
4765,Moerdijk,GM1709,1620,5,432.0
4766,Drimmelen,GM1719,20,5,441.0
4771,Moerdijk,GM1709,855,5,449.5
4781,Moerdijk,GM1709,1125,5,399.5
4782,Moerdijk,GM1709,0,5,430.0
4791,Moerdijk,GM1709,4368,5,420.8
4793,Moerdijk,GM1709,4642,5,419.8
4794,Moerdijk,GM1709,1040,5,426.0
4796,Moerdijk,GM1709,270,5,423.0
4797,Moerdijk,GM1709,3065,5,400.0
4811,Breda,GM0758,16560,1,324.3
4812,Breda,GM0758,6232,1,326.5
4813,Breda,GM0758,3952,2,421.0
4814,Breda,GM0758,8038,2,498.5
4815,Breda,GM0758,4432,2,390.5
4816,Breda,GM0758,3952,1,329.0
4817,Breda,GM0758,8010,3,419.8
4818,Breda,GM0758,7318,1,567.5
4819,Breda,GM0758,3952,1,470.0
4822,Breda,GM0758,6450,3,332.0
4823,Breda,GM0758,9432,3,474.2
4824,Breda,GM0758,7965,3,430.7
4825,Breda,GM0758,180,3,472.0
4826,Breda,GM0758,7905,2,270.0
4827,Breda,GM0758,7790,2,322.0
4834,Breda,GM0758,11128,2,442.0
4835,Breda,GM0758,3952,2,665.0
4836,Breda,GM0758,890,5,681.8
4837,Breda,GM0758,2615,2,732.0
4838,Breda,GM0758,1640,5,689.5
4841,Breda,GM0758,4858,4,631.5
4844,Drimmelen,GM1719,6370,4,464.4
4845,Drimmelen,GM1719,2245,5,496.7
4847,Breda,GM0758,4228,5,688.5
4849,Oosterhout,GM0826,3140,5,585.3
4851,Breda,GM0758,4258,5,703.8
4854,Breda,GM0758,6788,4,675.2
4855,Alphen-Chaam,GM1723,1090,5,544.0
4856,Alphen-Chaam,GM1723,335,5,604.0
4858,Alphen-Chaam,GM1723,325,5,732.0
4859,Alphen-Chaam,GM1723,50,5,477.5
4861,Alphen-Chaam,GM1723,4275,5,459.1
4871,Etten-Leur,GM0777,17242,2,396.1
4872,Etten-Leur,GM0777,7868,1,387.0
4873,Etten-Leur,GM0777,6630,3,454.5
4874,Etten-Leur,GM0777,2940,3,447.2
4875,Etten-Leur,GM0777,1775,2,360.5
4876,Etten-Leur,GM0777,7480,2,409.4
4877,Etten-Leur,GM0777,20,5,365.0
4878,Etten-Leur,GM0777,30,5,365.0
4879,Etten-Leur,GM0777,205,4,468.0
4881,Zundert,GM0879,5388,4,475.5
4882,Zundert,GM0879,2410,5,536.5
4884,Zundert,GM0879,2965,5,396.5
4885,Zundert,GM0879,1740,5,480.0
4891,Zundert,GM0879,6402,5,600.3
4901,Oosterhout,GM0826,9292,2,405.6
4902,Oosterhout,GM0826,8572,2,390.4
4903,Oosterhout,GM0826,470,5,479.0
4904,Oosterhout,GM0826,12205,3,454.2
4905,Oosterhout,GM0826,2175,3,383.7
4906,Oosterhout,GM0826,4500,5,445.8
4907,Oosterhout,GM0826,10030,2,345.2
4908,Oosterhout,GM0826,3055,3,360.0
4909,Oosterhout,GM0826,1235,5,571.3
4911,Oosterhout,GM0826,1285,5,685.0
4921,Drimmelen,GM1719,13080,3,459.4
4924,Drimmelen,GM1719,525,5,520.0
4926,Drimmelen,GM1719,4255,5,443.1
4927,Drimmelen,GM1719,1800,5,490.2
4931,Geertruidenberg,GM0779,7155,4,342.6
4941,Geertruidenberg,GM0779,4058,4,374.0
4942,Geertruidenberg,GM0779,3952,3,361.0
4944,Geertruidenberg,GM0779,2275,5,611.8
5011,Tilburg,GM0855,12065,1,301.8
5012,Tilburg,GM0855,5035,3,382.1
5013,Tilburg,GM0855,735,2,309.8
5014,Tilburg,GM0855,12935,1,295.2
5015,Tilburg,GM0855,765,5,476.8
5017,Tilburg,GM0855,6495,1,390.3
5018,Tilburg,GM0855,4040,2,458.2
5021,Tilburg,GM0855,12920,1,286.8
5022,Tilburg,GM0855,8480,2,323.3
5025,Tilburg,GM0855,13460,1,269.3
5026,Tilburg,GM0855,2090,3,449.8
5032,Tilburg,GM0855,6110,5,546.8
5035,Tilburg,GM0855,8015,3,423.5
5036,Tilburg,GM0855,9080,4,425.6
5037,Tilburg,GM0855,11360,1,362.6
5038,Tilburg,GM0855,15370,1,302.3
5041,Tilburg,GM0855,9460,1,306.4
5042,Tilburg,GM0855,12800,1,290.3
5043,Tilburg,GM0855,9080,2,313.3
5044,Tilburg,GM0855,8305,2,293.0
5045,Tilburg,GM0855,17875,2,397.9
5046,Tilburg,GM0855,11730,1,292.6
5047,Tilburg,GM0855,170,4,351.6
5048,Tilburg,GM0855,25,4,325.5
5049,Tilburg,GM0855,7060,2,288.6
5051,Goirle,GM0785,14785,3,506.0
5052,Goirle,GM0785,4760,3,441.0
5053,Goirle,GM0785,1880,4,536.3
5056,Tilburg,GM0855,12865,4,523.9
5057,Tilburg,GM0855,1820,3,440.0
5059,Oisterwijk,GM0824,355,5,751.0
5061,Oisterwijk,GM0824,14365,3,497.8
5062,Oisterwijk,GM0824,6245,4,696.2
5066,Oisterwijk,GM0824,6090,4,568.2
5071,Tilburg,GM0855,8815,4,569.8
5074,Tilburg,GM0855,1435,5,414.0
5076,Oisterwijk,GM0824,5248,5,569.5
5081,Hilvarenbeek,GM0798,4652,5,526.5
5084,Hilvarenbeek,GM0798,1040,5,537.5
5085,Hilvarenbeek,GM0798,1295,5,526.5
5087,Hilvarenbeek,GM0798,4030,5,575.0
5089,Hilvarenbeek,GM0798,910,5,571.5
5091,Oirschot,GM0823,5700,5,562.4
5094,Reusel-De Mierden,GM1667,1885,5,516.5
5095,Reusel-De Mierden,GM1667,1975,5,516.5
5096,Reusel-De Mierden,GM1667,885,5,523.5
5101,Dongen,GM0766,3415,3,437.5
5102,Dongen,GM0766,6580,3,436.0
5103,Dongen,GM0766,5785,3,401.5
5104,Dongen,GM0766,7468,3,367.5
5105,Dongen,GM0766,520,5,501.8
5106,Dongen,GM0766,1145,5,559.0
5107,Dongen,GM0766,40,5,449.5
5109,Dongen,GM0766,2240,5,437.8
5111,Baarle-Nassau,GM0744,5910,4,451.3
5113,Baarle-Nassau,GM0744,1170,5,481.0
5114,Baarle-Nassau,GM0744,120,5,537.0
5121,Gilze en Rijen,GM0784,13720,3,417.8
5122,Gilze en Rijen,GM0784,3220,4,486.5
5124,Gilze en Rijen,GM0784,1190,5,543.0
5125,Gilze en Rijen,GM0784,455,5,609.0
5126,Gilze en Rijen,GM0784,9940,4,432.8
5131,Alphen-Chaam,GM1723,4480,4,494.4
5133,Goirle,GM0785,3045,5,597.2
5141,Waalwijk,GM0867,7905,3,355.0
5142,Waalwijk,GM0867,7810,3,314.7
5143,Waalwijk,GM0867,6230,4,405.2
5144,Waalwijk,GM0867,6918,2,391.7
5145,Waalwijk,GM0867,790,5,363.0
5146,Waalwijk,GM0867,3952,3,427.0
5151,Heusden,GM0797,10638,2,425.0
5152,Heusden,GM0797,3952,2,431.0
5154,Heusden,GM0797,1855,5,507.0
5156,Heusden,GM0797,2695,5,322.0
5157,Heusden,GM0797,85,5,527.0
5158,Heusden,GM0797,185,5,602.0
5161,Waalwijk,GM0867,9882,5,399.5
5165,Waalwijk,GM0867,5235,5,411.8
5171,Loon op Zand,GM0809,14630,3,434.6
5172,Loon op Zand,GM0809,2545,3,397.0
5175,Loon op Zand,GM0809,6265,4,508.9
5176,Loon op Zand,GM0809,690,5,579.0
5211,'s-Hertogenbosch,GM0796,10928,1,457.4
5212,'s-Hertogenbosch,GM0796,7065,1,387.3
5213,'s-Hertogenbosch,GM0796,8020,1,358.8
5215,'s-Hertogenbosch,GM0796,5292,1,354.4
5216,'s-Hertogenbosch,GM0796,7338,3,411.0
5221,'s-Hertogenbosch,GM0796,5785,5,564.5
5222,'s-Hertogenbosch,GM0796,140,4,382.0
5223,'s-Hertogenbosch,GM0796,13418,2,358.0
5224,'s-Hertogenbosch,GM0796,3952,2,310.0
5231,'s-Hertogenbosch,GM0796,10380,2,340.1
5232,'s-Hertogenbosch,GM0796,1795,3,586.8
5233,'s-Hertogenbosch,GM0796,8555,2,322.2
5234,'s-Hertogenbosch,GM0796,15,4,432.5
5235,'s-Hertogenbosch,GM0796,6820,2,436.3
5236,'s-Hertogenbosch,GM0796,6595,4,509.3
5237,'s-Hertogenbosch,GM0796,9245,3,443.4
5241,'s-Hertogenbosch,GM0796,6735,3,541.1
5242,'s-Hertogenbosch,GM0796,4118,4,714.2
5243,'s-Hertogenbosch,GM0796,3065,4,561.0
5244,'s-Hertogenbosch,GM0796,4105,4,445.0
5245,'s-Hertogenbosch,GM0796,6355,4,372.9
5246,'s-Hertogenbosch,GM0796,6040,3,431.5
5247,'s-Hertogenbosch,GM0796,7760,3,483.7
5248,'s-Hertogenbosch,GM0796,1495,4,724.5
5249,'s-Hertogenbosch,GM0796,165,5,509.5
5251,Heusden,GM0797,11858,3,437.0
5253,Heusden,GM0797,2210,4,508.0
5254,Heusden,GM0797,2590,5,562.0
5255,Heusden,GM0797,825,5,567.0
5256,Heusden,GM0797,1290,5,413.0
5257,Heusden,GM0797,275,5,614.0
5258,Sint-Michielsgestel,GM0845,9762,5,599.8
5261,Vught,GM0865,7440,3,570.6
5262,Vught,GM0865,13835,3,529.9
5263,Vught,GM0865,5510,4,754.4
5266,Vught,GM0865,1135,5,736.2
5268,Vught,GM0865,4968,5,683.5
5271,Sint-Michielsgestel,GM0845,9888,5,601.1
5272,Sint-Michielsgestel,GM0845,2720,4,409.0
5275,Sint-Michielsgestel,GM0845,4942,5,607.3
5281,Boxtel,GM0757,5372,5,570.6
5282,Boxtel,GM0757,4698,5,590.7
5283,Boxtel,GM0757,7878,4,535.2
5291,Sint-Michielsgestel,GM0845,1835,5,590.5
5292,Sint-Michielsgestel,GM0845,365,5,758.0
5296,Boxtel,GM0757,2215,5,514.5
5298,Boxtel,GM0757,4668,5,597.6
5301,Zaltbommel,GM0297,9592,3,420.2
5302,Zaltbommel,GM0297,2890,3,419.0
5305,Zaltbommel,GM0297,1840,5,429.0
5306,Zaltbommel,GM0297,3155,5,416.5
5307,Zaltbommel,GM0297,1145,5,450.5
5308,Zaltbommel,GM0297,2460,5,421.7
5311,Zaltbommel,GM0297,3065,5,444.5
5313,Zaltbommel,GM0297,560,5,414.0
5314,Zaltbommel,GM0297,1875,5,498.5
5315,Zaltbommel,GM0297,405,5,475.0
5316,Zaltbommel,GM0297,590,5,509.0
5317,Zaltbommel,GM0297,1820,5,466.7
5321,Maasdriel,GM0263,4738,5,574.3
5324,Maasdriel,GM0263,3615,5,495.5
5325,Maasdriel,GM0263,1145,5,500.7
5327,Maasdriel,GM0263,665,5,507.0
5328,Maasdriel,GM0263,3000,5,486.0
5331,Maasdriel,GM0263,5348,5,516.7
5333,Maasdriel,GM0263,220,5,597.0
5334,Maasdriel,GM0263,1955,5,567.0
5335,Maasdriel,GM0263,620,5,490.0
5341,Oss,GM0828,6285,1,280.3
5342,Oss,GM0828,7070,4,512.5
5343,Oss,GM0828,5170,3,468.0
5344,Oss,GM0828,8660,2,333.0
5345,Oss,GM0828,13275,2,402.1
5346,Oss,GM0828,9090,3,419.1
5347,Oss,GM0828,1525,4,494.0
5348,Oss,GM0828,9210,2,292.0
5349,Oss,GM0828,320,4,458.3
5351,Oss,GM0828,8595,5,574.4
5352,Oss,GM0828,720,5,488.0
5353,Oss,GM0828,220,5,599.0
5354,Oss,GM0828,175,5,611.0
5355,Oss,GM0828,80,5,516.0
5356,Oss,GM0828,195,5,650.0
5357,Oss,GM0828,450,5,505.0
5358,Oss,GM0828,350,5,571.0
5359,Oss,GM0828,50,5,596.0
5361,Land van Cuijk,GM1982,8650,4,359.6
5363,Land van Cuijk,GM1982,1635,5,499.0
5364,Land van Cuijk,GM1982,1255,5,568.3
5366,Oss,GM0828,1745,5,432.0
5367,Oss,GM0828,745,5,464.7
5368,Oss,GM0828,735,5,474.0
5371,Oss,GM0828,3200,5,407.7
5373,Oss,GM0828,2985,5,497.3
5374,Maashorst,GM1991,5012,5,478.0
5375,Maashorst,GM1991,1795,5,519.5
5382,'s-Hertogenbosch,GM0796,1915,5,428.0
5383,'s-Hertogenbosch,GM0796,875,5,584.0
5384,Bernheze,GM1721,14495,4,483.4
5386,Oss,GM0828,4878,5,564.2
5388,Bernheze,GM1721,6825,4,486.7
5391,'s-Hertogenbosch,GM0796,4760,5,536.9
5394,Oss,GM0828,1255,5,486.5
5395,Oss,GM0828,185,5,644.0
5396,Oss,GM0828,865,5,492.3
5397,Oss,GM0828,3140,5,487.7
5398,Oss,GM0828,1450,5,568.2
5401,Maashorst,GM1991,8350,2,333.0
5402,Maashorst,GM1991,7665,2,403.3
5403,Maashorst,GM1991,8988,3,502.1
5404,Maashorst,GM1991,3630,2,439.0
5405,Maashorst,GM1991,1350,3,356.5
5406,Maashorst,GM1991,6678,5,607.9
5408,Maashorst,GM1991,3605,5,488.3
5409,Maashorst,GM1991,2105,5,471.5
5411,Maashorst,GM1991,5852,5,576.6
5421,Gemert-Bakel,GM1652,12445,3,469.8
5422,Gemert-Bakel,GM1652,2355,4,526.0
5423,Gemert-Bakel,GM1652,1880,5,508.0
5424,Gemert-Bakel,GM1652,1140,5,488.5
5425,Gemert-Bakel,GM1652,1670,5,594.3
5427,Boekel,GM0755,7868,5,494.0
5428,Boekel,GM0755,1795,5,454.5
5431,Land van Cuijk,GM1982,11228,4,390.8
5432,Land van Cuijk,GM1982,3952,3,402.0
5433,Land van Cuijk,GM1982,520,4,506.7
5434,Land van Cuijk,GM1982,1270,5,511.5
5435,Land van Cuijk,GM1982,515,5,485.0
5437,Land van Cuijk,GM1982,1775,5,484.5
5438,Land van Cuijk,GM1982,1225,5,493.0
5439,Land van Cuijk,GM1982,290,5,492.5
5441,Land van Cuijk,GM1982,2360,5,477.5
5443,Land van Cuijk,GM1982,2880,5,464.7
5445,Land van Cuijk,GM1982,720,5,508.0
5446,Land van Cuijk,GM1982,3100,5,463.7
5447,Land van Cuijk,GM1982,1710,5,500.5
5451,Land van Cuijk,GM1982,6455,5,451.0
5453,Land van Cuijk,GM1982,2365,5,480.0
5454,Land van Cuijk,GM1982,1380,5,437.5
5455,Land van Cuijk,GM1982,1130,5,472.0
5461,Meierijstad,GM1948,5100,2,458.2
5462,Meierijstad,GM1948,3545,3,411.0
5463,Meierijstad,GM1948,9185,4,485.6
5464,Meierijstad,GM1948,6200,5,550.8
5465,Meierijstad,GM1948,1855,5,573.8
5466,Meierijstad,GM1948,1520,5,544.7
5467,Meierijstad,GM1948,7405,2,390.6
5469,Meierijstad,GM1948,7365,5,533.3
5472,Bernheze,GM1721,1020,5,489.0
5473,Bernheze,GM1721,8835,4,534.2
5476,Bernheze,GM1721,1430,5,501.0
5481,Meierijstad,GM1948,9495,3,516.7
5482,Meierijstad,GM1948,14560,4,487.7
5491,Meierijstad,GM1948,11450,5,575.9
5492,Meierijstad,GM1948,7025,5,502.8
5501,Veldhoven,GM0861,3952,2,357.0
5502,Veldhoven,GM0861,3952,2,518.0
5503,Veldhoven,GM0861,6498,2,410.0
5504,Veldhoven,GM0861,4552,4,518.0
5505,Veldhoven,GM0861,5460,3,492.0
5506,Veldhoven,GM0861,2785,2,455.0
5507,Veldhoven,GM0861,3290,5,736.2
5508,Veldhoven,GM0861,11285,2,505.5
5509,Veldhoven,GM0861,2665,2,542.0
5511,Eersel,GM0770,1460,5,617.0
5512,Eersel,GM0770,2215,5,559.0
5513,Eersel,GM0770,2210,5,503.0
5521,Eersel,GM0770,10940,4,518.9
5524,Eersel,GM0770,1510,5,550.5
5525,Eersel,GM0770,2065,5,460.5
5527,Bladel,GM1728,5775,5,477.9
5528,Bladel,GM1728,2325,5,564.7
5529,Bladel,GM1728,1150,5,587.5
5531,Bladel,GM1728,10670,4,458.0
5534,Bladel,GM1728,1085,5,594.5
5541,Reusel-De Mierden,GM1667,5722,5,539.0
5551,Valkenswaard,GM0858,9610,3,433.0
5552,Valkenswaard,GM0858,6220,3,392.3
5553,Valkenswaard,GM0858,2870,3,461.0
5554,Valkenswaard,GM0858,9515,2,406.3
5555,Valkenswaard,GM0858,2235,3,502.5
5556,Valkenswaard,GM0858,1520,5,653.0
5561,Bergeijk,GM1724,2490,5,592.7
5563,Bergeijk,GM1724,2030,5,500.4
5571,Bergeijk,GM1724,11400,4,507.0
5575,Bergeijk,GM1724,3315,5,468.1
5581,Waalre,GM0866,4508,5,651.2
5582,Waalre,GM0866,6730,4,520.5
5583,Waalre,GM0866,3830,4,504.0
5591,Heeze-Leende,GM1658,10395,4,533.0
5595,Heeze-Leende,GM1658,4770,5,586.0
5611,Eindhoven,GM0772,14888,1,433.2
5612,Eindhoven,GM0772,14148,1,281.0
5613,Eindhoven,GM0772,5695,1,473.0
5614,Eindhoven,GM0772,4215,1,395.0
5615,Eindhoven,GM0772,7885,1,464.7
5616,Eindhoven,GM0772,13960,1,382.7
5617,Eindhoven,GM0772,3110,1,364.0
5621,Eindhoven,GM0772,3952,1,339.0
5622,Eindhoven,GM0772,9232,1,337.3
5623,Eindhoven,GM0772,8032,1,312.0
5624,Eindhoven,GM0772,4892,3,477.0
5625,Eindhoven,GM0772,10190,1,327.2
5626,Eindhoven,GM0772,4065,4,576.0
5627,Eindhoven,GM0772,11608,2,416.0
5628,Eindhoven,GM0772,7905,2,377.5
5629,Eindhoven,GM0772,6768,3,462.7
5631,Eindhoven,GM0772,5960,3,547.5
5632,Eindhoven,GM0772,11575,2,438.8
5633,Eindhoven,GM0772,145,4,541.5
5641,Eindhoven,GM0772,7902,3,441.0
5642,Eindhoven,GM0772,8780,2,393.7
5643,Eindhoven,GM0772,9470,1,366.6
5644,Eindhoven,GM0772,8975,3,488.5
5645,Eindhoven,GM0772,2885,2,561.5
5646,Eindhoven,GM0772,2455,3,629.0
5651,Eindhoven,GM0772,4150,5,517.3
5652,Eindhoven,GM0772,7135,2,354.3
5653,Eindhoven,GM0772,6490,2,342.5
5654,Eindhoven,GM0772,10435,2,327.5
5655,Eindhoven,GM0772,4545,3,516.0
5656,Eindhoven,GM0772,0,4,376.0
5657,Eindhoven,GM0772,160,5,376.0
5658,Eindhoven,GM0772,11312,3,537.6
5661,Geldrop-Mierlo,GM1771,65,5,408.0
5662,Geldrop-Mierlo,GM1771,3130,3,435.0
5663,Geldrop-Mierlo,GM1771,7312,3,487.0
5664,Geldrop-Mierlo,GM1771,5105,2,362.0
5665,Geldrop-Mierlo,GM1771,3952,2,319.0
5666,Geldrop-Mierlo,GM1771,3952,2,365.0
5667,Geldrop-Mierlo,GM1771,3952,3,395.0
5671,"Nuenen, Gerwen en Nederwetten",GM0820,3952,3,515.0
5672,"Nuenen, Gerwen en Nederwetten",GM0820,3952,3,452.0
5673,"Nuenen, Gerwen en Nederwetten",GM0820,3952,3,525.0
5674,"Nuenen, Gerwen en Nederwetten",GM0820,5365,5,633.9
5681,Best,GM0753,1230,5,725.0
5682,Best,GM0753,4005,4,511.5
5683,Best,GM0753,6725,3,462.6
5684,Best,GM0753,12328,4,458.6
5685,Best,GM0753,7115,3,545.0
5688,Oirschot,GM0823,13318,5,577.9
5691,Son en Breugel,GM0848,9025,4,568.7
5692,Son en Breugel,GM0848,2430,5,545.5
5694,Son en Breugel,GM0848,4820,4,556.3
5701,Helmond,GM0794,16598,1,244.3
5702,Helmond,GM0794,11780,2,275.7
5703,Helmond,GM0794,5590,4,390.2
5704,Helmond,GM0794,8895,4,396.0
5705,Helmond,GM0794,2295,3,314.5
5706,Helmond,GM0794,14195,3,395.0
5707,Helmond,GM0794,10828,3,457.1
5708,Helmond,GM0794,11560,4,541.4
5709,Helmond,GM0794,11435,3,332.5
5711,Someren,GM0847,9185,4,472.1
5712,Someren,GM0847,8685,5,541.5
5715,Someren,GM0847,2320,5,611.4
5721,Asten,GM0743,13070,3,485.5
5722,Asten,GM0743,715,4,453.0
5724,Asten,GM0743,1010,5,508.0
5725,Asten,GM0743,2610,5,561.0
5731,Geldrop-Mierlo,GM1771,11355,3,545.1
5735,Laarbeek,GM1659,4538,5,523.6
5737,Laarbeek,GM1659,4335,5,552.7
5738,Laarbeek,GM1659,2045,5,528.5
5741,Laarbeek,GM1659,9248,5,441.8
5751,Deurne,GM0762,12470,3,423.3
5752,Deurne,GM0762,3620,5,553.5
5753,Deurne,GM0762,3380,4,466.0
5754,Deurne,GM0762,6230,3,413.7
5756,Deurne,GM0762,1505,5,506.5
5757,Deurne,GM0762,3405,5,464.0
5758,Deurne,GM0762,1850,5,452.5
5759,Deurne,GM0762,935,5,424.5
5761,Gemert-Bakel,GM1652,5738,5,522.3
5763,Gemert-Bakel,GM1652,2285,5,536.3
5764,Gemert-Bakel,GM1652,1155,5,487.5
5766,Horst aan de Maas,GM1507,535,5,432.5
5768,Peel en Maas,GM1894,6510,5,458.9
5801,Venray,GM0984,10465,2,364.3
5802,Venray,GM0984,7355,2,334.2
5803,Venray,GM0984,7955,3,306.6
5804,Venray,GM0984,3625,4,474.0
5807,Venray,GM0984,2550,5,365.0
5808,Venray,GM0984,1275,5,362.0
5809,Venray,GM0984,2205,5,411.0
5811,Venray,GM0984,860,5,404.0
5812,Venray,GM0984,525,5,443.0
5813,Venray,GM0984,2335,5,429.0
5814,Venray,GM0984,575,5,434.0
5815,Venray,GM0984,1075,5,457.0
5816,Venray,GM0984,245,5,440.0
5817,Venray,GM0984,210,5,491.0
5821,Land van Cuijk,GM1982,2625,5,439.0
5823,Land van Cuijk,GM1982,920,5,425.5
5824,Land van Cuijk,GM1982,560,5,493.0
5825,Land van Cuijk,GM1982,4335,5,512.5
5826,Land van Cuijk,GM1982,505,5,509.5
5827,Land van Cuijk,GM1982,795,5,480.5
5831,Land van Cuijk,GM1982,12850,4,387.5
5835,Land van Cuijk,GM1982,1945,5,497.5
5836,Land van Cuijk,GM1982,1845,5,467.5
5841,Land van Cuijk,GM1982,1925,5,485.5
5843,Land van Cuijk,GM1982,690,5,458.0
5844,Land van Cuijk,GM1982,800,5,466.0
5845,Land van Cuijk,GM1982,4285,5,485.0
5846,Land van Cuijk,GM1982,640,5,532.5
5851,Bergen (L.),GM0893,2070,5,424.5
5853,Bergen (L.),GM0893,2115,5,402.0
5854,Bergen (L.),GM0893,4868,5,403.7
5855,Bergen (L.),GM0893,2410,5,403.0
5856,Bergen (L.),GM0893,1195,5,392.5
5861,Venray,GM0984,1880,5,372.0
5862,Venray,GM0984,405,5,387.0
5863,Venray,GM0984,1265,5,308.0
5864,Horst aan de Maas,GM1507,1925,5,398.0
5865,Horst aan de Maas,GM1507,1405,5,410.0
5866,Horst aan de Maas,GM1507,1270,5,397.0
5871,Horst aan de Maas,GM1507,1255,5,395.0
5872,Horst aan de Maas,GM1507,820,5,372.5
5911,Venlo,GM0983,5300,1,273.8
5912,Venlo,GM0983,10480,2,364.6
5913,Venlo,GM0983,9780,2,440.8
5914,Venlo,GM0983,7750,2,340.8
5915,Venlo,GM0983,6045,3,360.8
5916,Venlo,GM0983,2440,5,458.3
5921,Venlo,GM0983,6745,1,266.5
5922,Venlo,GM0983,5940,2,254.3
5923,Venlo,GM0983,3040,2,280.0
5924,Venlo,GM0983,3660,2,278.0
5925,Venlo,GM0983,3840,3,289.5
5926,Venlo,GM0983,2895,3,532.0
5927,Venlo,GM0983,875,5,481.5
5928,Venlo,GM0983,1245,5,363.5
5931,Venlo,GM0983,9770,3,344.6
5932,Venlo,GM0983,5445,4,333.9
5935,Venlo,GM0983,3655,4,319.0
5941,Venlo,GM0983,5595,5,486.3
5943,Venlo,GM0983,1075,5,409.7
5944,Venlo,GM0983,2905,5,437.0
5951,Venlo,GM0983,4452,5,397.1
5953,Beesel,GM0889,8050,5,415.8
5954,Beesel,GM0889,2430,5,445.5
5961,Horst aan de Maas,GM1507,13460,3,374.9
5962,Horst aan de Maas,GM1507,2175,5,419.5
5963,Horst aan de Maas,GM1507,2210,5,374.5
5964,Horst aan de Maas,GM1507,1700,5,406.0
5966,Horst aan de Maas,GM1507,2265,5,379.0
5971,Horst aan de Maas,GM1507,4925,4,359.2
5973,Horst aan de Maas,GM1507,1995,5,386.5
5975,Horst aan de Maas,GM1507,5872,5,402.7
5976,Horst aan de Maas,GM1507,1125,5,391.0
5977,Horst aan de Maas,GM1507,245,5,434.0
5981,Peel en Maas,GM1894,8010,5,411.1
5984,Peel en Maas,GM1894,1235,5,432.5
5985,Peel en Maas,GM1894,1680,5,452.8
5986,Peel en Maas,GM1894,2255,5,488.2
5987,Peel en Maas,GM1894,1500,5,505.0
5988,Peel en Maas,GM1894,6445,4,449.8
5991,Peel en Maas,GM1894,6455,5,471.0
5993,Peel en Maas,GM1894,7605,5,450.0
5995,Peel en Maas,GM1894,4180,5,449.2
6001,Weert,GM0988,9225,2,354.6
6002,Weert,GM0988,4822,4,474.4
6003,Weert,GM0988,5805,5,489.2
6004,Weert,GM0988,8288,3,388.8
6005,Weert,GM0988,4680,5,446.7
6006,Weert,GM0988,10888,4,445.0
6011,Leudal,GM1640,1465,5,427.0
6012,Leudal,GM1640,495,5,450.5
6013,Leudal,GM1640,960,5,431.5
6014,Leudal,GM1640,1655,5,397.0
6015,Leudal,GM1640,1250,5,374.5
6017,Maasgouw,GM1641,2490,5,437.5
6019,Maasgouw,GM1641,2015,5,319.0
6021,Cranendonck,GM1706,6348,5,514.6
6023,Cranendonck,GM1706,2160,5,433.0
6024,Cranendonck,GM1706,1400,5,459.7
6026,Cranendonck,GM1706,4478,5,572.2
6027,Cranendonck,GM1706,1880,5,504.5
6028,Cranendonck,GM1706,760,5,508.8
6029,Heeze-Leende,GM1658,1915,5,545.8
6031,Nederweert,GM0946,7112,5,493.7
6034,Nederweert,GM0946,1560,5,478.5
6035,Nederweert,GM0946,4220,5,479.4
6037,Leudal,GM1640,1195,5,427.0
6039,Weert,GM0988,4642,5,413.5
6041,Roermond,GM0957,10678,3,422.4
6042,Roermond,GM0957,9970,4,380.6
6043,Roermond,GM0957,11332,2,246.5
6044,Roermond,GM0957,3120,2,216.0
6045,Roermond,GM0957,6225,3,309.4
6049,Roermond,GM0957,8425,4,457.8
6051,Maasgouw,GM1641,5228,5,365.0
6061,Roerdalen,GM1669,3995,5,403.4
6063,Roerdalen,GM1669,2360,5,360.0
6065,Roerdalen,GM1669,3080,5,408.0
6067,Maasgouw,GM1641,3905,5,365.5
6071,Roermond,GM0957,8860,4,366.9
6074,Roerdalen,GM1669,3715,5,351.5
6075,Roerdalen,GM1669,4265,5,357.0
6077,Roerdalen,GM1669,3430,5,406.6
6081,Leudal,GM1640,4308,5,371.0
6082,Leudal,GM1640,930,5,427.5
6083,Leudal,GM1640,665,5,382.5
6085,Leudal,GM1640,3775,5,429.0
6086,Leudal,GM1640,3300,5,401.0
6088,Leudal,GM1640,4210,5,421.0
6089,Leudal,GM1640,790,5,366.5
6091,Nederweert,GM0946,1135,5,455.0
6093,Leudal,GM1640,4792,5,391.0
6095,Leudal,GM1640,2815,5,421.5
6096,Leudal,GM1640,1690,5,445.5
6097,Maasgouw,GM1641,4378,5,439.0
6099,Maasgouw,GM1641,1900,5,373.0
6101,Echt-Susteren,GM1711,9785,5,383.7
6102,Echt-Susteren,GM1711,5320,5,380.8
6104,Echt-Susteren,GM1711,1675,5,410.3
6105,Echt-Susteren,GM1711,1355,5,439.7
6107,Maasgouw,GM1641,1790,5,384.5
6109,Maasgouw,GM1641,840,5,391.5
6112,Echt-Susteren,GM1711,1400,5,403.0
6114,Echt-Susteren,GM1711,7915,4,352.2
6116,Echt-Susteren,GM1711,1535,5,377.3
6118,Echt-Susteren,GM1711,3300,5,341.8
6121,Sittard-Geleen,GM1883,5860,5,331.2
6122,Sittard-Geleen,GM1883,1995,4,288.0
6123,Sittard-Geleen,GM1883,1135,5,301.0
6124,Sittard-Geleen,GM1883,725,5,355.0
6125,Sittard-Geleen,GM1883,1830,5,316.0
6127,Sittard-Geleen,GM1883,2280,5,294.0
6129,Stein (L.),GM0971,5685,5,329.5
6131,Sittard-Geleen,GM1883,3690,1,227.0
6132,Sittard-Geleen,GM1883,7308,3,387.5
6133,Sittard-Geleen,GM1883,3952,2,309.0
6134,Sittard-Geleen,GM1883,1665,4,197.0
6135,Sittard-Geleen,GM1883,4428,3,185.5
6136,Sittard-Geleen,GM1883,6715,3,255.0
6137,Sittard-Geleen,GM1883,6260,2,242.0
6141,Sittard-Geleen,GM1883,2545,4,331.0
6142,Sittard-Geleen,GM1883,1295,5,336.0
6143,Sittard-Geleen,GM1883,1230,5,315.0
6151,Sittard-Geleen,GM1883,3952,4,314.0
6153,Sittard-Geleen,GM1883,95,5,435.0
6155,Beekdaelen,GM1954,2185,5,352.0
6161,Sittard-Geleen,GM1883,3952,2,214.0
6162,Sittard-Geleen,GM1883,3952,2,268.0
6163,Sittard-Geleen,GM1883,3952,4,255.5
6164,Sittard-Geleen,GM1883,3952,2,239.0
6165,Sittard-Geleen,GM1883,3952,2,250.0
6166,Sittard-Geleen,GM1883,3952,2,264.0
6171,Stein (L.),GM0971,10680,4,318.0
6174,Beekdaelen,GM1954,605,5,418.0
6176,Beek (L.),GM0888,3360,5,335.0
6181,Stein (L.),GM0971,5352,4,358.0
6191,Beek (L.),GM0888,7932,5,385.3
6199,Beek (L.),GM0888,485,5,373.0
6211,Maastricht,GM0935,12818,1,332.2
6212,Maastricht,GM0935,4510,2,643.8
6213,Maastricht,GM0935,4700,2,437.0
6214,Maastricht,GM0935,3952,1,259.0
6215,Maastricht,GM0935,5808,2,344.0
6216,Maastricht,GM0935,4835,2,250.0
6217,Maastricht,GM0935,9908,2,277.8
6218,Maastricht,GM0935,5958,2,337.7
6219,Maastricht,GM0935,1655,3,293.3
6221,Maastricht,GM0935,8962,1,314.0
6222,Maastricht,GM0935,5860,4,269.5
6223,Maastricht,GM0935,2625,5,318.5
6224,Maastricht,GM0935,7905,1,279.0
6225,Maastricht,GM0935,3952,3,411.0
6226,Maastricht,GM0935,3952,1,368.0
6227,Maastricht,GM0935,3952,2,292.0
6228,Maastricht,GM0935,4998,2,443.0
6229,Maastricht,GM0935,7172,2,239.5
6231,Meerssen,GM0938,5892,5,430.2
6235,Meerssen,GM0938,2790,5,427.0
6237,Meerssen,GM0938,465,5,400.0
6241,Meerssen,GM0938,4242,5,565.0
6243,Meerssen,GM0938,2370,5,380.0
6245,Eijsden-Margraten,GM1903,9362,4,428.1
6247,Eijsden-Margraten,GM1903,2990,5,372.5
6251,Eijsden-Margraten,GM1903,545,5,439.0
6255,Eijsden-Margraten,GM1903,1200,5,444.2
6261,Eijsden-Margraten,GM1903,835,5,437.0
6262,Eijsden-Margraten,GM1903,1015,5,394.0
6265,Eijsden-Margraten,GM1903,1440,5,460.0
6267,Eijsden-Margraten,GM1903,3600,5,512.3
6268,Eijsden-Margraten,GM1903,565,5,529.7
6269,Eijsden-Margraten,GM1903,3985,5,483.0
6271,Gulpen-Wittem,GM1729,3930,5,427.0
6273,Gulpen-Wittem,GM1729,195,5,446.0
6274,Gulpen-Wittem,GM1729,510,5,424.0
6276,Gulpen-Wittem,GM1729,160,5,545.0
6277,Gulpen-Wittem,GM1729,395,5,437.5
6278,Gulpen-Wittem,GM1729,50,5,547.0
6281,Gulpen-Wittem,GM1729,1740,5,423.8
6285,Gulpen-Wittem,GM1729,1005,5,458.0
6286,Gulpen-Wittem,GM1729,1965,5,366.5
6287,Gulpen-Wittem,GM1729,1610,5,446.2
6289,Gulpen-Wittem,GM1729,75,5,373.0
6291,Vaals,GM0981,4368,5,393.8
6294,Vaals,GM0981,1380,5,358.7
6295,Vaals,GM0981,765,5,327.5
6301,Valkenburg aan de Geul,GM0994,10595,5,361.2
6305,Valkenburg aan de Geul,GM0994,1415,5,369.9
6307,Eijsden-Margraten,GM1903,305,5,430.0
6311,Voerendaal,GM0986,910,5,367.0
6321,Gulpen-Wittem,GM1729,2390,5,394.2
6325,Valkenburg aan de Geul,GM0994,4320,5,412.5
6333,Beekdaelen,GM1954,3165,5,436.0
6336,Beekdaelen,GM1954,3825,5,401.3
6342,Valkenburg aan de Geul,GM0994,140,5,429.0
6343,Voerendaal,GM0986,3110,5,402.8
6351,Simpelveld,GM0965,4832,5,318.0
6361,Beekdaelen,GM1954,5978,4,350.2
6363,Beekdaelen,GM1954,1610,5,389.0
6365,Beekdaelen,GM1954,2675,5,391.3
6367,Voerendaal,GM0986,8565,5,387.4
6369,Simpelveld,GM0965,5275,4,323.6
6371,Landgraaf,GM0882,6355,2,323.3
6372,Landgraaf,GM0882,10295,2,280.0
6373,Landgraaf,GM0882,8410,3,307.8
6374,Landgraaf,GM0882,11760,3,287.4
6411,Heerlen,GM0917,8320,1,219.2
6412,Heerlen,GM0917,8745,2,227.6
6413,Heerlen,GM0917,10920,2,214.7
6414,Heerlen,GM0917,7830,3,210.7
6415,Heerlen,GM0917,6430,2,194.0
6416,Heerlen,GM0917,6200,2,274.6
6417,Heerlen,GM0917,6505,2,251.3
6418,Heerlen,GM0917,9482,2,286.2
6419,Heerlen,GM0917,4250,4,273.6
6422,Heerlen,GM0917,75,5,389.0
6431,Heerlen,GM0917,10085,2,194.2
6432,Heerlen,GM0917,3940,3,258.0
6433,Heerlen,GM0917,4690,4,219.7
6436,Beekdaelen,GM1954,2715,4,306.0
6438,Beekdaelen,GM1954,3690,5,375.0
6439,Beekdaelen,GM1954,1090,5,360.0
6441,Brunssum,GM0899,7560,2,234.3
6442,Brunssum,GM0899,3150,4,244.1
6443,Brunssum,GM0899,2960,3,201.6
6444,Brunssum,GM0899,6070,2,257.9
6445,Brunssum,GM0899,2760,3,247.7
6446,Brunssum,GM0899,5025,3,312.2
6447,Beekdaelen,GM1954,1625,5,327.0
6451,Beekdaelen,GM1954,4018,5,279.5
6454,Beekdaelen,GM1954,715,5,319.0
6456,Beekdaelen,GM1954,840,5,375.0
6461,Kerkrade,GM0928,8332,2,198.3
6462,Kerkrade,GM0928,6852,2,191.5
6463,Kerkrade,GM0928,4630,2,192.5
6464,Kerkrade,GM0928,4605,4,260.0
6465,Kerkrade,GM0928,2010,4,200.0
6466,Kerkrade,GM0928,8515,2,212.7
6467,Kerkrade,GM0928,3850,2,256.0
6468,Kerkrade,GM0928,25,4,208.0
6471,Kerkrade,GM0928,5395,4,232.0
6511,Nijmegen,GM0268,6638,1,355.0
6512,Nijmegen,GM0268,3952,1,404.0
6515,Nijmegen,GM0268,7905,4,532.0
6521,Nijmegen,GM0268,3952,1,444.0
6522,Nijmegen,GM0268,4222,1,519.0
6523,Nijmegen,GM0268,5422,3,550.5
6524,Nijmegen,GM0268,3952,1,562.0
6525,Nijmegen,GM0268,10018,3,378.0
6531,Nijmegen,GM0268,7905,1,425.5
6532,Nijmegen,GM0268,3210,2,291.0
6533,Nijmegen,GM0268,11460,2,382.0
6535,Nijmegen,GM0268,3952,2,296.0
6536,Nijmegen,GM0268,3545,2,363.5
6537,Nijmegen,GM0268,9760,2,298.8
6538,Nijmegen,GM0268,8428,2,273.7
6541,Nijmegen,GM0268,4638,2,462.5
6542,Nijmegen,GM0268,7092,1,409.5
6543,Nijmegen,GM0268,3952,1,355.0
6544,Nijmegen,GM0268,3952,2,275.0
6545,Nijmegen,GM0268,4118,4,412.0
6546,Nijmegen,GM0268,7578,3,345.0
6551,Beuningen,GM0209,2575,5,489.8
6561,Berg en Dal,GM1945,6575,4,383.4
6562,Berg en Dal,GM1945,10630,4,413.3
6564,Berg en Dal,GM1945,855,5,784.5
6566,Berg en Dal,GM1945,5820,5,388.6
6571,Berg en Dal,GM1945,2260,5,444.5
6572,Berg en Dal,GM1945,250,5,696.0
6573,Berg en Dal,GM1945,3605,4,467.0
6574,Berg en Dal,GM1945,475,4,411.0
6575,Berg en Dal,GM1945,85,5,567.0
6576,Berg en Dal,GM1945,2565,5,433.7
6577,Berg en Dal,GM1945,175,5,430.0
6578,Berg en Dal,GM1945,1760,5,391.0
6579,Berg en Dal,GM1945,490,5,383.0
6581,Heumen,GM0252,9182,5,567.2
6582,Heumen,GM0252,1995,5,524.0
6584,Mook en Middelaar,GM0944,3725,4,449.0
6585,Mook en Middelaar,GM0944,3185,5,594.5
6586,Mook en Middelaar,GM0944,315,5,571.0
6587,Mook en Middelaar,GM0944,865,5,473.0
6591,Gennep,GM0907,9390,4,425.6
6595,Gennep,GM0907,2040,5,501.0
6596,Gennep,GM0907,2930,5,503.7
6598,Gennep,GM0907,2520,5,461.3
6599,Gennep,GM0907,810,5,465.5
6601,Wijchen,GM0296,10252,3,369.3
6602,Wijchen,GM0296,6840,2,494.8
6603,Wijchen,GM0296,5260,5,485.9
6604,Wijchen,GM0296,3890,4,505.6
6605,Wijchen,GM0296,10505,3,423.1
6606,Wijchen,GM0296,430,5,503.3
6611,Heumen,GM0252,2700,5,593.2
6612,Heumen,GM0252,855,5,556.0
6613,Wijchen,GM0296,755,5,536.5
6615,Wijchen,GM0296,120,5,452.0
6616,Wijchen,GM0296,955,5,493.5
6617,Wijchen,GM0296,1765,5,500.3
6621,West Maas en Waal,GM0668,3580,5,486.0
6624,Maasdriel,GM0263,1335,5,522.3
6626,West Maas en Waal,GM0668,1775,5,456.5
6627,West Maas en Waal,GM0668,1440,5,450.0
6628,West Maas en Waal,GM0668,630,5,540.5
6629,West Maas en Waal,GM0668,855,5,520.5
6631,Druten,GM0225,1625,5,482.7
6634,Wijchen,GM0296,670,5,459.0
6641,Beuningen,GM0209,12800,3,440.2
6642,Beuningen,GM0209,4590,3,508.8
6644,Beuningen,GM0209,4545,5,490.7
6645,Beuningen,GM0209,2235,5,502.2
6651,Druten,GM0225,10755,3,384.9
6652,Druten,GM0225,2275,4,450.5
6653,Druten,GM0225,1915,5,436.0
6654,Druten,GM0225,1705,5,497.5
6655,Druten,GM0225,1465,5,522.0
6657,West Maas en Waal,GM0668,2265,5,484.0
6658,West Maas en Waal,GM0668,5292,4,436.5
6659,West Maas en Waal,GM0668,2700,5,485.5
6661,Overbetuwe,GM1734,12290,3,445.9
6662,Overbetuwe,GM1734,10140,4,497.4
6663,Nijmegen,GM0268,3952,3,489.0
6665,Overbetuwe,GM1734,4360,5,431.0
6666,Overbetuwe,GM1734,5155,5,458.7
6668,Overbetuwe,GM1734,1450,5,464.6
6669,Neder-Betuwe,GM1740,4690,5,454.5
6671,Overbetuwe,GM1734,5170,4,450.2
6672,Overbetuwe,GM1734,175,5,235.0
6673,Overbetuwe,GM1734,1735,5,510.0
6674,Overbetuwe,GM1734,3185,5,525.2
6675,Overbetuwe,GM1734,2035,5,518.6
6676,Overbetuwe,GM1734,60,5,588.0
6677,Overbetuwe,GM1734,490,5,507.2
6678,Overbetuwe,GM1734,2685,5,456.7
6681,Lingewaard,GM1705,12260,4,477.1
6684,Lingewaard,GM1705,130,5,732.0
6685,Lingewaard,GM1705,2060,5,465.0
6686,Lingewaard,GM1705,2785,5,478.5
6687,Lingewaard,GM1705,2925,5,491.5
6691,Lingewaard,GM1705,7510,4,384.0
6701,Wageningen,GM0289,4245,2,527.8
6702,Wageningen,GM0289,2680,3,371.0
6703,Wageningen,GM0289,2850,2,533.0
6704,Wageningen,GM0289,1375,5,547.0
6705,Wageningen,GM0289,1225,5,784.5
6706,Wageningen,GM0289,5560,2,360.0
6707,Wageningen,GM0289,5175,1,296.0
6708,Wageningen,GM0289,13645,2,364.8
6709,Wageningen,GM0289,6045,2,382.5
6711,Ede,GM0228,13072,2,448.5
6712,Ede,GM0228,5030,2,403.5
6713,Ede,GM0228,10455,1,345.5
6714,Ede,GM0228,7755,1,300.7
6715,Ede,GM0228,6825,2,343.0
6716,Ede,GM0228,8075,3,414.1
6717,Ede,GM0228,19312,2,362.3
6718,Ede,GM0228,10365,5,575.4
6721,Ede,GM0228,14862,3,573.8
6731,Ede,GM0228,2160,5,484.5
6732,Ede,GM0228,3705,5,547.6
6733,Ede,GM0228,2925,5,547.3
6741,Ede,GM0228,13602,5,682.8
6744,Ede,GM0228,3765,5,624.5
6745,Ede,GM0228,525,5,580.0
6811,Arnhem,GM0202,7520,1,290.2
6812,Arnhem,GM0202,2730,4,506.0
6813,Arnhem,GM0202,4380,3,511.5
6814,Arnhem,GM0202,5990,2,500.5
6815,Arnhem,GM0202,3300,4,466.0
6816,Arnhem,GM0202,2395,5,442.0
6821,Arnhem,GM0202,5930,1,510.1
6822,Arnhem,GM0202,8505,1,312.6
6823,Arnhem,GM0202,6975,2,328.7
6824,Arnhem,GM0202,9325,1,377.2
6825,Arnhem,GM0202,4572,2,327.0
6826,Arnhem,GM0202,10142,1,254.5
6827,Arnhem,GM0202,1565,2,360.0
6828,Arnhem,GM0202,12470,1,305.4
6831,Arnhem,GM0202,3675,2,265.5
6832,Arnhem,GM0202,5750,2,298.0
6833,Arnhem,GM0202,6405,2,315.3
6834,Arnhem,GM0202,3510,3,243.0
6835,Arnhem,GM0202,4762,3,386.0
6836,Arnhem,GM0202,10975,3,362.7
6841,Arnhem,GM0202,4078,2,348.5
6842,Arnhem,GM0202,2985,3,461.0
6843,Arnhem,GM0202,8720,2,298.3
6844,Arnhem,GM0202,3952,2,310.0
6845,Arnhem,GM0202,3952,2,306.0
6846,Arnhem,GM0202,11160,3,463.7
6851,Lingewaard,GM1705,9385,3,420.6
6852,Lingewaard,GM1705,10605,3,400.8
6861,Renkum,GM0274,5865,4,521.4
6862,Renkum,GM0274,5430,4,529.1
6865,Renkum,GM0274,5005,4,452.8
6866,Renkum,GM0274,3520,4,473.0
6869,Renkum,GM0274,700,5,474.2
6871,Renkum,GM0274,9105,4,425.7
6874,Renkum,GM0274,1860,5,505.4
6877,Ede,GM0228,165,5,466.5
6881,Rheden,GM0275,3968,4,488.2
6882,Rheden,GM0275,3952,2,329.0
6883,Rheden,GM0275,3395,3,370.5
6891,Rozendaal,GM0277,1835,5,784.5
6901,Zevenaar,GM0299,6840,2,289.2
6902,Zevenaar,GM0299,1105,4,402.5
6903,Zevenaar,GM0299,6865,3,385.0
6904,Zevenaar,GM0299,6758,3,288.0
6905,Zevenaar,GM0299,4940,5,512.8
6909,Zevenaar,GM0299,1975,5,421.0
6911,Zevenaar,GM0299,2440,5,532.7
6913,Zevenaar,GM0299,765,5,498.5
6914,Zevenaar,GM0299,1150,5,420.5
6915,Zevenaar,GM0299,3035,4,261.0
6916,Zevenaar,GM0299,2835,5,350.5
6917,Zevenaar,GM0299,825,5,319.5
6921,Duiven,GM0226,14270,3,392.8
6922,Duiven,GM0226,7012,3,377.0
6923,Duiven,GM0226,2050,5,493.0
6924,Duiven,GM0226,1165,5,450.5
6931,Westervoort,GM0293,5512,3,405.7
6932,Westervoort,GM0293,7470,3,319.7
6941,Montferland,GM1955,2055,5,415.0
6942,Montferland,GM1955,11205,4,390.8
6951,Rheden,GM0275,3952,3,299.0
6952,Rheden,GM0275,3952,4,396.8
6953,Rheden,GM0275,2120,5,433.0
6955,Rheden,GM0275,985,5,472.2
6956,Rheden,GM0275,950,5,451.0
6957,Rheden,GM0275,900,5,552.0
6961,Brummen,GM0213,10215,4,464.4
6964,Brummen,GM0213,840,5,551.7
6971,Brummen,GM0213,8645,4,508.7
6974,Brummen,GM0213,725,5,515.3
6975,Brummen,GM0213,325,5,630.0
6981,Doesburg,GM0221,4570,4,284.7
6982,Doesburg,GM0221,2300,4,286.0
6983,Doesburg,GM0221,4035,4,358.3
6984,Doesburg,GM0221,205,5,392.7
6986,Zevenaar,GM0299,1485,5,488.0
6987,Zevenaar,GM0299,2640,5,350.0
6988,Zevenaar,GM0299,1260,5,467.7
6991,Rheden,GM0275,4458,5,472.4
6994,Rheden,GM0275,1085,5,433.8
6996,Bronckhorst,GM1876,1575,5,486.7
6997,Bronckhorst,GM1876,490,5,643.5
6998,Bronckhorst,GM1876,560,5,590.0
6999,Bronckhorst,GM1876,1615,5,520.8
7001,Doetinchem,GM0222,4685,2,343.0
7002,Doetinchem,GM0222,6710,3,363.3
7003,Doetinchem,GM0222,2955,3,353.7
7004,Doetinchem,GM0222,4780,5,469.4
7005,Doetinchem,GM0222,945,3,377.7
7006,Doetinchem,GM0222,9910,3,349.8
7007,Doetinchem,GM0222,9080,4,408.6
7008,Doetinchem,GM0222,1015,5,375.1
7009,Doetinchem,GM0222,7155,4,439.0
7011,Doetinchem,GM0222,5715,4,398.1
7021,Bronckhorst,GM1876,7102,5,462.2
7025,Bronckhorst,GM1876,2095,5,422.0
7031,Doetinchem,GM0222,7100,5,439.5
7035,Montferland,GM1955,1490,5,384.5
7036,Montferland,GM1955,345,5,439.0
7037,Montferland,GM1955,2450,5,393.3
7038,Montferland,GM1955,2745,5,407.5
7039,Montferland,GM1955,1175,5,416.3
7041,Montferland,GM1955,7728,4,262.0
7044,Montferland,GM1955,235,4,456.0
7045,Montferland,GM1955,815,5,377.0
7047,Montferland,GM1955,1405,5,389.5
7051,Oude IJsselstreek,GM1509,4598,5,415.5
7054,Oude IJsselstreek,GM1509,945,5,421.0
7055,Oude IJsselstreek,GM1509,1155,5,460.5
7061,Oude IJsselstreek,GM1509,4288,5,421.7
7064,Oude IJsselstreek,GM1509,4668,4,391.3
7065,Oude IJsselstreek,GM1509,990,5,447.0
7071,Oude IJsselstreek,GM1509,9408,4,341.0
7075,Oude IJsselstreek,GM1509,1805,5,441.5
7076,Oude IJsselstreek,GM1509,740,5,401.0
7077,Oude IJsselstreek,GM1509,550,5,438.0
7078,Oude IJsselstreek,GM1509,940,5,459.5
7081,Oude IJsselstreek,GM1509,4475,5,420.2
7083,Oude IJsselstreek,GM1509,305,5,520.0
7084,Oude IJsselstreek,GM1509,980,5,449.0
7091,Aalten,GM0197,7285,4,377.0
7095,Aalten,GM0197,1055,5,463.0
7101,Winterswijk,GM0294,7780,3,274.0
7102,Winterswijk,GM0294,4065,4,353.5
7103,Winterswijk,GM0294,7905,3,302.5
7104,Winterswijk,GM0294,1615,5,436.7
7106,Winterswijk,GM0294,1060,5,401.0
7107,Winterswijk,GM0294,1240,5,444.0
7108,Winterswijk,GM0294,925,5,447.5
7109,Winterswijk,GM0294,515,5,445.0
7121,Aalten,GM0197,9635,4,379.4
7122,Aalten,GM0197,6465,5,440.0
7123,Aalten,GM0197,1485,4,354.0
7126,Aalten,GM0197,1520,5,395.5
7131,Oost Gelre,GM1586,9220,4,349.2
7132,Oost Gelre,GM1586,3905,4,416.5
7134,Oost Gelre,GM1586,1165,5,427.0
7135,Oost Gelre,GM1586,1310,5,394.5
7136,Oost Gelre,GM1586,2035,5,404.0
7137,Oost Gelre,GM1586,1400,5,424.0
7141,Oost Gelre,GM1586,9960,4,366.4
7142,Oost Gelre,GM1586,95,5,422.0
7151,Berkelland,GM1859,7895,4,393.0
7152,Berkelland,GM1859,3270,4,450.3
7156,Berkelland,GM1859,2860,5,472.5
7157,Berkelland,GM1859,1285,5,471.0
7161,Berkelland,GM1859,9230,4,380.8
7165,Berkelland,GM1859,1030,5,457.0
7201,Zutphen,GM0301,5700,2,321.3
7202,Zutphen,GM0301,1765,3,438.0
7203,Zutphen,GM0301,5135,3,306.5
7204,Zutphen,GM0301,9825,2,251.7
7205,Zutphen,GM0301,2285,4,332.0
7206,Zutphen,GM0301,7015,3,290.6
7207,Zutphen,GM0301,9010,3,436.6
7211,Lochem,GM0262,4570,5,512.0
7213,Lochem,GM0262,3960,5,642.2
7214,Lochem,GM0262,2090,5,676.0
7215,Lochem,GM0262,415,5,746.0
7216,Lochem,GM0262,305,5,611.0
7217,Lochem,GM0262,1795,5,507.5
7218,Lochem,GM0262,1195,5,574.7
7221,Bronckhorst,GM1876,2260,5,553.7
7223,Bronckhorst,GM1876,1025,5,459.0
7224,Bronckhorst,GM1876,75,5,628.0
7225,Bronckhorst,GM1876,255,5,480.0
7226,Bronckhorst,GM1876,85,5,558.0
7227,Bronckhorst,GM1876,890,5,462.0
7231,Zutphen,GM0301,5160,3,417.7
7232,Zutphen,GM0301,3140,3,398.5
7233,Bronckhorst,GM1876,185,5,572.0
7234,Bronckhorst,GM1876,790,5,525.5
7241,Lochem,GM0262,7915,4,497.9
7242,Lochem,GM0262,6015,3,349.5
7244,Lochem,GM0262,1750,5,580.8
7245,Lochem,GM0262,4315,5,546.1
7251,Bronckhorst,GM1876,6262,5,559.8
7255,Bronckhorst,GM1876,6138,5,505.1
7256,Bronckhorst,GM1876,1535,5,459.5
7261,Berkelland,GM1859,7760,4,458.6
7263,Oost Gelre,GM1586,925,5,393.0
7271,Berkelland,GM1859,7905,4,379.6
7273,Berkelland,GM1859,690,5,415.5
7274,Berkelland,GM1859,1315,5,487.5
7275,Berkelland,GM1859,675,5,460.5
7311,Apeldoorn,GM0200,9252,1,313.3
7312,Apeldoorn,GM0200,7905,3,387.7
7313,Apeldoorn,GM0200,2075,5,622.2
7314,Apeldoorn,GM0200,6748,2,408.0
7315,Apeldoorn,GM0200,4495,3,509.6
7316,Apeldoorn,GM0200,7380,2,510.7
7317,Apeldoorn,GM0200,175,5,358.0
7321,Apeldoorn,GM0200,6142,2,434.0
7322,Apeldoorn,GM0200,9402,2,370.2
7323,Apeldoorn,GM0200,12808,3,408.2
7324,Apeldoorn,GM0200,555,4,421.0
7325,Apeldoorn,GM0200,10310,4,484.0
7326,Apeldoorn,GM0200,7905,2,318.0
7327,Apeldoorn,GM0200,3962,3,390.5
7328,Apeldoorn,GM0200,6982,2,330.7
7329,Apeldoorn,GM0200,2740,2,290.0
7331,Apeldoorn,GM0200,10322,1,291.7
7332,Apeldoorn,GM0200,650,3,429.0
7333,Apeldoorn,GM0200,6510,2,285.7
7334,Apeldoorn,GM0200,2640,4,580.2
7335,Apeldoorn,GM0200,6530,1,408.0
7336,Apeldoorn,GM0200,305,3,410.5
7339,Apeldoorn,GM0200,6315,5,557.5
7341,Apeldoorn,GM0200,1060,5,614.5
7345,Apeldoorn,GM0200,2100,5,604.8
7346,Apeldoorn,GM0200,250,5,717.2
7348,Apeldoorn,GM0200,95,5,498.0
7351,Apeldoorn,GM0200,1430,5,624.0
7352,Ede,GM0228,50,5,655.0
7361,Apeldoorn,GM0200,5060,5,670.2
7364,Apeldoorn,GM0200,1300,5,554.3
7371,Apeldoorn,GM0200,3290,5,584.0
7381,Apeldoorn,GM0200,1725,5,535.3
7382,Voorst,GM0285,1525,5,515.0
7383,Voorst,GM0285,2830,5,482.0
7384,Voorst,GM0285,2950,5,547.8
7391,Voorst,GM0285,12790,4,452.8
7392,Voorst,GM0285,815,4,629.0
7395,Voorst,GM0285,1110,5,498.5
7396,Voorst,GM0285,2425,5,485.0
7397,Voorst,GM0285,835,5,521.5
7399,Brummen,GM0213,660,5,642.3
7411,Deventer,GM0150,8935,1,383.3
7412,Deventer,GM0150,11940,2,299.3
7413,Deventer,GM0150,7015,1,301.8
7414,Deventer,GM0150,5355,3,318.0
7415,Deventer,GM0150,13095,2,330.1
7416,Deventer,GM0150,3455,2,284.0
7417,Deventer,GM0150,5125,2,285.0
7418,Deventer,GM0150,1005,4,407.8
7419,Deventer,GM0150,2280,3,389.0
7421,Deventer,GM0150,5240,3,375.6
7422,Deventer,GM0150,2245,3,351.0
7423,Deventer,GM0150,5790,2,300.7
7424,Deventer,GM0150,4735,3,430.5
7425,Deventer,GM0150,7700,4,514.6
7427,Deventer,GM0150,40,5,386.0
7428,Deventer,GM0150,155,5,588.0
7429,Deventer,GM0150,1235,3,382.0
7431,Deventer,GM0150,4278,5,594.0
7433,Deventer,GM0150,4442,5,530.5
7434,Deventer,GM0150,1770,5,531.8
7435,Deventer,GM0150,310,5,452.0
7437,Deventer,GM0150,5138,5,550.2
7439,Voorst,GM0285,290,4,566.0
7441,Hellendoorn,GM0163,4510,4,549.0
7442,Hellendoorn,GM0163,11720,3,367.3
7443,Hellendoorn,GM0163,8650,4,427.3
7447,Hellendoorn,GM0163,6600,4,466.7
7448,Hellendoorn,GM0163,2085,5,450.0
7451,Rijssen-Holten,GM1742,9675,5,499.1
7461,Rijssen-Holten,GM1742,8940,3,447.2
7462,Rijssen-Holten,GM1742,13475,2,396.4
7463,Rijssen-Holten,GM1742,6735,4,425.5
7466,Wierden,GM0189,305,5,693.0
7467,Wierden,GM0189,585,5,559.0
7468,Wierden,GM0189,7550,5,500.3
7471,Hof van Twente,GM1735,12270,4,362.3
7475,Hof van Twente,GM1735,7500,5,483.7
7478,Hof van Twente,GM1735,2665,5,412.2
7481,Haaksbergen,GM0158,10695,3,418.1
7482,Haaksbergen,GM0158,10100,4,434.8
7483,Haaksbergen,GM0158,3430,4,506.0
7491,Hof van Twente,GM1735,7375,4,450.3
7495,Hof van Twente,GM1735,1760,5,493.4
7496,Hof van Twente,GM1735,2305,5,427.0
7497,Hof van Twente,GM1735,1790,5,431.0
7511,Enschede,GM0153,7858,1,233.5
7512,Enschede,GM0153,6948,1,273.5
7513,Enschede,GM0153,5525,1,265.5
7514,Enschede,GM0153,5850,1,366.0
7521,Enschede,GM0153,7915,3,269.0
7522,Enschede,GM0153,7545,2,298.7
7523,Enschede,GM0153,11945,2,302.0
7524,Enschede,GM0153,3855,5,593.0
7531,Enschede,GM0153,8640,2,398.2
7532,Enschede,GM0153,5755,4,356.0
7533,Enschede,GM0153,3952,1,276.0
7534,Enschede,GM0153,12070,4,362.2
7535,Enschede,GM0153,3730,2,530.2
7541,Enschede,GM0153,3410,2,329.0
7542,Enschede,GM0153,9552,3,315.3
7543,Enschede,GM0153,6905,2,337.7
7544,Enschede,GM0153,14925,2,356.5
7545,Enschede,GM0153,14822,2,320.0
7546,Enschede,GM0153,8990,3,410.7
7547,Enschede,GM0153,435,5,390.0
7548,Enschede,GM0153,3775,5,413.5
7551,Hengelo (O.),GM0164,3315,1,284.3
7552,Hengelo (O.),GM0164,11840,2,354.9
7553,Hengelo (O.),GM0164,10010,2,335.0
7554,Hengelo (O.),GM0164,1505,5,461.1
7555,Hengelo (O.),GM0164,9162,2,389.8
7556,Hengelo (O.),GM0164,13962,2,363.1
7557,Hengelo (O.),GM0164,9788,2,261.8
7558,Hengelo (O.),GM0164,12050,3,352.1
7559,Hengelo (O.),GM0164,10840,4,461.4
7561,Dinkelland,GM1774,1995,5,477.5
7562,Oldenzaal,GM0173,365,5,419.0
7571,Oldenzaal,GM0173,2585,2,301.0
7572,Oldenzaal,GM0173,6230,2,419.3
7573,Oldenzaal,GM0173,2860,2,452.5
7574,Oldenzaal,GM0173,3952,4,308.0
7575,Oldenzaal,GM0173,255,5,492.0
7576,Oldenzaal,GM0173,3952,3,309.0
7577,Oldenzaal,GM0173,8060,3,456.7
7581,Losser,GM0168,4972,4,389.7
7582,Losser,GM0168,3952,3,374.0
7585,Losser,GM0168,515,5,448.0
7586,Losser,GM0168,4160,5,399.0
7587,Losser,GM0168,3950,5,530.0
7588,Losser,GM0168,1075,5,512.0
7591,Dinkelland,GM1774,10215,4,413.1
7595,Dinkelland,GM1774,3140,5,468.0
7596,Dinkelland,GM1774,2335,5,476.5
7597,Dinkelland,GM1774,1690,5,496.0
7601,Almelo,GM0141,7285,2,246.1
7602,Almelo,GM0141,6820,4,363.8
7603,Almelo,GM0141,6100,3,410.8
7604,Almelo,GM0141,6530,3,298.8
7605,Almelo,GM0141,3220,1,202.0
7606,Almelo,GM0141,6475,2,209.7
7607,Almelo,GM0141,9420,2,349.0
7608,Almelo,GM0141,11695,3,367.2
7609,Almelo,GM0141,13615,3,349.0
7611,Almelo,GM0141,1525,5,443.5
7614,Tubbergen,GM0183,255,5,402.0
7615,Tubbergen,GM0183,1615,5,478.0
7621,Borne,GM0147,6075,3,405.8
7622,Borne,GM0147,7775,3,354.5
7623,Borne,GM0147,8138,4,476.3
7625,Borne,GM0147,1320,5,525.5
7626,Borne,GM0147,555,5,574.5
7627,Almelo,GM0141,2095,5,498.0
7631,Dinkelland,GM1774,4505,4,442.2
7634,Dinkelland,GM1774,750,5,483.5
7635,Dinkelland,GM1774,975,5,503.7
7636,Dinkelland,GM1774,610,5,602.5
7637,Dinkelland,GM1774,315,5,548.0
7638,Dinkelland,GM1774,175,5,516.0
7641,Wierden,GM0189,7615,4,453.3
7642,Wierden,GM0189,8095,4,422.9
7645,Wierden,GM0189,1190,5,481.0
7651,Tubbergen,GM0183,5895,4,421.0
7661,Tubbergen,GM0183,1005,5,463.0
7662,Tubbergen,GM0183,210,5,468.0
7663,Tubbergen,GM0183,370,5,482.0
7664,Tubbergen,GM0183,635,5,459.5
7665,Tubbergen,GM0183,3590,5,441.2
7666,Tubbergen,GM0183,935,5,479.0
7667,Tubbergen,GM0183,1265,5,437.0
7668,Tubbergen,GM0183,155,5,499.0
7671,Twenterand,GM1700,9925,5,413.9
7672,Twenterand,GM1700,3952,4,376.0
7675,Twenterand,GM1700,370,5,469.0
7676,Twenterand,GM1700,4245,5,420.8
7678,Tubbergen,GM0183,4275,5,437.4
7679,Tubbergen,GM0183,1290,5,435.0
7681,Twenterand,GM1700,7692,4,396.2
7683,Twenterand,GM1700,6105,5,445.8
7685,Ommen,GM0175,1090,5,433.3
7686,Twenterand,GM1700,360,5,428.0
7687,Hellendoorn,GM0163,1210,5,414.5
7688,Hellendoorn,GM0163,1415,5,413.0
7691,Hardenberg,GM0160,3675,5,395.7
7692,Hardenberg,GM0160,960,5,401.0
7693,Hardenberg,GM0160,1455,5,372.5
7694,Hardenberg,GM0160,1525,5,400.5
7695,Hardenberg,GM0160,1085,5,395.5
7696,Hardenberg,GM0160,320,5,495.0
7701,Hardenberg,GM0160,12382,5,458.9
7705,De Wolden,GM1690,310,5,417.0
7707,Hardenberg,GM0160,3980,5,427.0
7711,Dalfsen,GM0148,9735,5,468.5
7715,Staphorst,GM0180,965,5,441.0
7721,Dalfsen,GM0148,7150,4,450.0
7722,Dalfsen,GM0148,8230,5,538.7
7731,Ommen,GM0175,12245,4,453.5
7732,Ommen,GM0175,1175,5,680.8
7734,Ommen,GM0175,390,5,395.5
7735,Ommen,GM0175,380,5,602.5
7736,Ommen,GM0175,170,5,516.0
7737,Ommen,GM0175,575,5,521.5
7738,Ommen,GM0175,670,5,539.0
7739,Ommen,GM0175,425,5,569.5
7741,Coevorden,GM0109,9195,5,331.5
7742,Coevorden,GM0109,6705,5,418.2
7751,Coevorden,GM0109,3880,5,431.7
7753,Coevorden,GM0109,565,5,287.0
7754,Coevorden,GM0109,380,5,464.0
7755,Coevorden,GM0109,370,5,447.0
7756,Coevorden,GM0109,235,5,434.0
7761,Emmen,GM0114,4445,5,407.0
7764,Emmen,GM0114,460,5,288.0
7765,Emmen,GM0114,1625,5,324.5
7766,Emmen,GM0114,1310,5,350.9
7771,Hardenberg,GM0160,4845,4,316.0
7772,Hardenberg,GM0160,11185,4,327.8
7773,Hardenberg,GM0160,4012,5,426.8
7775,Hardenberg,GM0160,2065,5,388.5
7776,Hardenberg,GM0160,3265,5,397.5
7777,Hardenberg,GM0160,980,5,421.0
7778,Hardenberg,GM0160,240,5,459.0
7779,Hardenberg,GM0160,110,5,673.0
7781,Hardenberg,GM0160,245,5,440.0
7782,Hardenberg,GM0160,1955,5,383.5
7783,Hardenberg,GM0160,3370,5,324.0
7784,Hardenberg,GM0160,560,5,450.5
7785,Hardenberg,GM0160,45,5,429.0
7786,Hardenberg,GM0160,185,5,458.0
7787,Hardenberg,GM0160,175,5,504.0
7788,Hardenberg,GM0160,160,5,530.0
7791,Hardenberg,GM0160,600,5,453.0
7792,Hardenberg,GM0160,110,5,524.0
7793,Hardenberg,GM0160,465,5,425.0
7794,Hardenberg,GM0160,260,5,489.0
7795,Hardenberg,GM0160,155,5,417.0
7796,Hardenberg,GM0160,800,5,499.0
7797,Hardenberg,GM0160,570,5,481.0
7798,Hardenberg,GM0160,385,5,539.0
7811,Emmen,GM0114,3952,2,240.0
7812,Emmen,GM0114,5458,3,393.0
7813,Emmen,GM0114,2600,5,435.0
7814,Emmen,GM0114,1625,5,462.3
7815,Emmen,GM0114,3952,3,210.0
7822,Emmen,GM0114,3460,4,314.0
7823,Emmen,GM0114,5148,3,250.0
7824,Emmen,GM0114,3952,3,196.0
7825,Emmen,GM0114,35,5,334.5
7826,Emmen,GM0114,2990,5,329.0
7827,Emmen,GM0114,3952,4,297.0
7828,Emmen,GM0114,2115,5,400.0
7831,Emmen,GM0114,3365,5,322.4
7833,Emmen,GM0114,4392,5,328.0
7841,Coevorden,GM0109,2280,5,377.0
7842,Coevorden,GM0109,50,5,518.0
7843,Coevorden,GM0109,815,5,397.7
7844,Emmen,GM0114,2140,5,307.0
7845,Coevorden,GM0109,295,5,441.0
7846,Coevorden,GM0109,620,5,480.0
7847,Coevorden,GM0109,245,5,412.0
7848,Coevorden,GM0109,2150,5,367.7
7849,Coevorden,GM0109,380,5,370.5
7851,Coevorden,GM0109,315,5,396.0
7852,Coevorden,GM0109,195,5,492.0
7853,Coevorden,GM0109,205,5,401.0
7854,Coevorden,GM0109,2060,5,498.5
7855,Coevorden,GM0109,410,5,409.5
7856,Coevorden,GM0109,175,5,440.5
7858,Borger-Odoorn,GM1681,165,5,449.0
7861,Coevorden,GM0109,1870,5,396.5
7863,Coevorden,GM0109,695,5,423.5
7864,Coevorden,GM0109,390,5,427.0
7871,Borger-Odoorn,GM1681,735,5,398.5
7872,Borger-Odoorn,GM1681,1200,5,405.5
7873,Borger-Odoorn,GM1681,1985,5,383.9
7874,Borger-Odoorn,GM1681,420,5,428.0
7875,Borger-Odoorn,GM1681,1765,5,410.5
7876,Borger-Odoorn,GM1681,3375,5,288.4
7877,Borger-Odoorn,GM1681,100,5,379.0
7881,Emmen,GM0114,6892,5,322.7
7884,Emmen,GM0114,1765,5,299.4
7885,Emmen,GM0114,2100,5,372.5
7887,Emmen,GM0114,4730,5,379.3
7889,Emmen,GM0114,255,5,360.0
7891,Emmen,GM0114,9095,5,350.9
7894,Emmen,GM0114,3085,5,303.8
7895,Emmen,GM0114,855,5,328.2
7901,Hoogeveen,GM0118,3595,3,291.7
7902,Hoogeveen,GM0118,4830,2,261.3
7903,Hoogeveen,GM0118,225,5,350.0
7904,Hoogeveen,GM0118,3952,3,232.0
7905,Hoogeveen,GM0118,4218,4,368.5
7906,Hoogeveen,GM0118,3952,2,218.0
7907,Hoogeveen,GM0118,2015,4,375.0
7908,Hoogeveen,GM0118,11355,3,313.4
7909,Hoogeveen,GM0118,3110,4,381.2
7910,Midden-Drenthe,GM1731,120,5,513.0
7911,Hoogeveen,GM0118,480,5,472.0
7912,Hoogeveen,GM0118,500,5,334.0
7913,Hoogeveen,GM0118,5195,5,380.2
7914,Hoogeveen,GM0118,2135,5,378.5
7916,Hoogeveen,GM0118,2365,5,394.3
7917,Coevorden,GM0109,1310,5,340.5
7918,Hoogeveen,GM0118,1435,5,415.5
7921,De Wolden,GM1690,5432,5,490.7
7924,De Wolden,GM1690,945,5,434.7
7925,De Wolden,GM1690,850,5,495.0
7926,De Wolden,GM1690,930,5,426.5
7927,De Wolden,GM1690,820,5,440.5
7929,Coevorden,GM0109,55,5,394.0
7931,Hoogeveen,GM0118,845,5,490.3
7932,De Wolden,GM1690,385,5,446.5
7933,Hoogeveen,GM0118,1705,5,410.0
7934,Hoogeveen,GM0118,700,5,397.5
7935,De Wolden,GM1690,60,5,536.0
7936,Hoogeveen,GM0118,665,5,384.5
7938,Midden-Drenthe,GM1731,940,5,401.5
7941,Meppel,GM0119,6305,2,282.7
7942,Meppel,GM0119,6830,4,320.2
7943,Meppel,GM0119,8355,4,338.7
7944,Meppel,GM0119,10420,3,348.8
7946,Steenwijkerland,GM1708,1715,5,450.1
7948,Meppel,GM0119,4065,5,427.4
7949,Meppel,GM0119,130,5,410.0
7951,Staphorst,GM0180,11325,5,405.1
7954,Staphorst,GM0180,4280,5,413.4
7955,Staphorst,GM0180,1405,5,450.0
7957,De Wolden,GM1690,2985,5,462.5
7958,De Wolden,GM1690,2590,5,453.4
7961,De Wolden,GM1690,3980,5,482.4
7963,De Wolden,GM1690,3670,5,553.4
7964,De Wolden,GM1690,340,5,537.0
7965,Meppel,GM0119,105,5,608.0
7966,Meppel,GM0119,65,5,468.0
7971,Westerveld,GM1701,3800,5,475.0
7973,Westerveld,GM1701,600,5,378.0
7974,Westerveld,GM1701,185,5,364.0
7975,Westerveld,GM1701,1405,5,507.0
7981,Westerveld,GM1701,2865,5,465.0
7983,Westerveld,GM1701,675,5,494.5
7984,Westerveld,GM1701,260,5,484.0
7986,Westerveld,GM1701,130,5,523.0
7991,Westerveld,GM1701,4140,5,576.0
8011,Zwolle,GM0193,9340,1,390.5
8012,Zwolle,GM0193,6992,1,323.5
8013,Zwolle,GM0193,2370,4,367.0
8014,Zwolle,GM0193,12205,2,367.6
8015,Zwolle,GM0193,3395,5,559.9
8016,Zwolle,GM0193,6795,3,415.7
8017,Zwolle,GM0193,7585,2,496.2
8019,Zwolle,GM0193,2525,4,683.8
8021,Zwolle,GM0193,5745,1,291.0
8022,Zwolle,GM0193,5175,1,277.8
8023,Zwolle,GM0193,6405,2,407.0
8024,Zwolle,GM0193,4190,4,553.0
8025,Zwolle,GM0193,925,3,400.5
8026,Zwolle,GM0193,1030,5,626.0
8028,Zwolle,GM0193,245,5,564.5
8031,Zwolle,GM0193,10080,2,274.8
8032,Zwolle,GM0193,10012,2,332.7
8033,Zwolle,GM0193,3330,3,353.0
8034,Zwolle,GM0193,750,5,784.5
8035,Zwolle,GM0193,290,5,661.0
8041,Zwolle,GM0193,365,4,411.8
8042,Zwolle,GM0193,5330,4,473.3
8043,Zwolle,GM0193,15865,2,490.4
8044,Zwolle,GM0193,5770,4,448.6
8051,Hattem,GM0244,9490,4,546.7
8052,Hattem,GM0244,3245,4,441.0
8055,Raalte,GM0177,695,5,487.0
8061,Zwartewaterland,GM1896,7840,4,371.8
8064,Zwartewaterland,GM1896,4950,4,342.7
8066,Steenwijkerland,GM1708,600,5,485.5
8071,Nunspeet,GM0302,6768,4,471.0
8072,Nunspeet,GM0302,4388,4,543.3
8075,Nunspeet,GM0302,5035,5,582.0
8076,Nunspeet,GM0302,690,5,658.5
8077,Nunspeet,GM0302,2035,5,612.1
8079,Oldebroek,GM0269,250,5,445.2
8081,Elburg,GM0230,12615,4,435.9
8082,Elburg,GM0230,45,5,426.5
8084,Elburg,GM0230,6985,4,450.1
8085,Elburg,GM0230,4260,5,499.0
8091,Oldebroek,GM0269,12218,4,435.8
8094,Oldebroek,GM0269,1445,5,486.0
8095,Oldebroek,GM0269,1370,5,442.8
8096,Oldebroek,GM0269,6445,5,465.9
8097,Oldebroek,GM0269,2465,5,462.2
8101,Raalte,GM0177,6885,3,403.2
8102,Raalte,GM0177,6650,4,432.0
8103,Raalte,GM0177,6625,4,456.5
8105,Raalte,GM0177,2315,5,469.5
8106,Raalte,GM0177,1485,5,466.0
8107,Raalte,GM0177,1210,5,466.5
8111,Raalte,GM0177,3780,5,461.0
8112,Raalte,GM0177,1255,5,450.5
8121,Olst-Wijhe,GM1773,8560,5,477.4
8124,Olst-Wijhe,GM1773,1300,5,515.0
8131,Olst-Wijhe,GM1773,8465,5,484.9
8141,Raalte,GM0177,7240,4,438.3
8144,Raalte,GM0177,490,5,494.5
8146,Ommen,GM0175,335,5,536.0
8147,Ommen,GM0175,250,5,554.0
8148,Ommen,GM0175,1555,5,518.3
8151,Dalfsen,GM0148,2125,5,453.0
8152,Dalfsen,GM0148,2790,5,431.0
8161,Epe,GM0232,5980,4,487.2
8162,Epe,GM0232,10035,4,486.7
8166,Epe,GM0232,3195,5,563.0
8167,Epe,GM0232,1605,5,533.5
8171,Epe,GM0232,7905,4,453.1
8172,Epe,GM0232,4755,4,338.0
8181,Heerde,GM0246,6848,5,570.2
8191,Heerde,GM0246,6242,5,580.0
8193,Heerde,GM0246,180,5,560.0
8194,Heerde,GM0246,675,5,567.5
8196,Olst-Wijhe,GM1773,625,5,542.0
8198,Olst-Wijhe,GM1773,65,5,703.0
8211,Lelystad,GM0995,290,5,455.6
8212,Lelystad,GM0995,2885,4,373.2
8218,Lelystad,GM0995,230,5,406.2
8219,Lelystad,GM0995,3525,5,468.5
8221,Lelystad,GM0995,0,5,346.0
8222,Lelystad,GM0995,240,5,542.2
8223,Lelystad,GM0995,5500,4,333.4
8224,Lelystad,GM0995,8905,2,291.8
8225,Lelystad,GM0995,8090,2,306.1
8226,Lelystad,GM0995,9580,3,334.3
8231,Lelystad,GM0995,4835,3,324.0
8232,Lelystad,GM0995,9085,2,325.4
8233,Lelystad,GM0995,1095,3,325.8
8239,Lelystad,GM0995,680,4,276.0
8241,Lelystad,GM0995,1575,5,660.0
8242,Lelystad,GM0995,6880,3,381.0
8243,Lelystad,GM0995,9395,3,348.5
8244,Lelystad,GM0995,4230,5,434.4
8245,Lelystad,GM0995,7690,4,413.8
8251,Dronten,GM0303,14620,4,359.9
8252,Dronten,GM0303,5715,3,395.3
8253,Dronten,GM0303,8998,4,370.5
8255,Dronten,GM0303,6490,4,364.8
8256,Dronten,GM0303,7220,4,346.5
8261,Kampen,GM0166,3952,2,350.0
8262,Kampen,GM0166,6735,2,303.5
8263,Kampen,GM0166,645,5,382.5
8264,Kampen,GM0166,2010,2,394.0
8265,Kampen,GM0166,12612,3,407.0
8266,Kampen,GM0166,7898,2,426.0
8267,Kampen,GM0166,665,5,462.7
8269,Kampen,GM0166,250,5,647.0
8271,Kampen,GM0166,12208,5,462.1
8274,Kampen,GM0166,925,5,430.5
8275,Kampen,GM0166,670,5,507.0
8276,Kampen,GM0166,810,5,544.5
8277,Kampen,GM0166,1065,5,436.0
8278,Kampen,GM0166,975,5,558.0
8281,Zwartewaterland,GM1896,10545,5,390.2
8293,Kampen,GM0166,170,5,560.0
8294,Zwartewaterland,GM1896,175,5,468.0
8301,Noordoostpolder,GM0171,2135,2,242.0
8302,Noordoostpolder,GM0171,10888,4,421.0
8303,Noordoostpolder,GM0171,9660,3,265.2
8304,Noordoostpolder,GM0171,3310,4,314.5
8305,Noordoostpolder,GM0171,770,5,448.8
8307,Noordoostpolder,GM0171,3480,5,365.7
8308,Noordoostpolder,GM0171,1985,5,374.5
8309,Noordoostpolder,GM0171,2495,5,435.5
8311,Noordoostpolder,GM0171,1740,5,408.5
8312,Noordoostpolder,GM0171,1765,5,417.8
8313,Noordoostpolder,GM0171,1710,5,395.2
8314,Noordoostpolder,GM0171,1665,5,386.2
8315,Noordoostpolder,GM0171,2790,5,280.0
8316,Noordoostpolder,GM0171,4015,5,417.0
8317,Noordoostpolder,GM0171,1605,5,375.5
8319,Noordoostpolder,GM0171,5,5,327.5
8321,Urk,GM0184,13490,4,343.6
8322,Urk,GM0184,5992,4,397.0
8325,Steenwijkerland,GM1708,4192,5,419.9
8326,Steenwijkerland,GM1708,2555,5,462.1
8331,Steenwijkerland,GM1708,10150,3,339.6
8332,Steenwijkerland,GM1708,6200,4,458.8
8333,Steenwijkerland,GM1708,1275,5,391.0
8334,Steenwijkerland,GM1708,2165,5,458.5
8335,Steenwijkerland,GM1708,210,5,408.0
8336,Steenwijkerland,GM1708,185,5,571.0
8337,Steenwijkerland,GM1708,270,5,487.0
8338,Steenwijkerland,GM1708,905,5,416.5
8339,Steenwijkerland,GM1708,170,5,438.0
8341,Steenwijkerland,GM1708,1885,5,422.5
8342,Steenwijkerland,GM1708,270,5,498.0
8343,Steenwijkerland,GM1708,605,5,405.8
8344,Steenwijkerland,GM1708,310,5,421.0
8345,Steenwijkerland,GM1708,335,5,378.0
8346,Steenwijkerland,GM1708,615,5,649.0
8347,Steenwijkerland,GM1708,605,5,454.0
8351,Westerveld,GM1701,810,5,572.5
8355,Steenwijkerland,GM1708,2890,5,555.2
8356,Steenwijkerland,GM1708,1360,5,420.1
8361,Steenwijkerland,GM1708,75,5,487.0
8362,Steenwijkerland,GM1708,25,5,450.5
8363,Steenwijkerland,GM1708,170,5,541.2
8371,Steenwijkerland,GM1708,620,5,424.7
8372,Steenwijkerland,GM1708,45,5,450.5
8373,Steenwijkerland,GM1708,330,5,391.2
8374,Steenwijkerland,GM1708,920,5,395.3
8375,Steenwijkerland,GM1708,2705,5,412.7
8376,Steenwijkerland,GM1708,560,5,407.0
8377,Steenwijkerland,GM1708,245,5,458.5
8378,Steenwijkerland,GM1708,395,5,509.0
8381,Westerveld,GM1701,2085,5,457.0
8382,Westerveld,GM1701,295,5,499.0
8383,Westerveld,GM1701,540,5,494.5
8384,Westerveld,GM1701,950,5,370.5
8385,Westerveld,GM1701,380,5,475.5
8386,Westerveld,GM1701,120,5,606.2
8387,Westerveld,GM1701,215,5,533.5
8388,Weststellingwerf,GM0098,570,5,396.5
8389,Weststellingwerf,GM0098,350,5,428.0
8391,Weststellingwerf,GM0098,3630,5,347.9
8392,Weststellingwerf,GM0098,860,5,395.5
8393,Weststellingwerf,GM0098,205,5,492.0
8394,Weststellingwerf,GM0098,385,5,361.5
8395,Weststellingwerf,GM0098,1005,5,371.0
8396,Weststellingwerf,GM0098,95,5,455.0
8397,Weststellingwerf,GM0098,810,5,308.0
8398,Weststellingwerf,GM0098,505,5,447.0
8401,Opsterland,GM0086,7485,4,345.6
8403,Opsterland,GM0086,285,5,439.0
8404,Opsterland,GM0086,1060,5,422.0
8405,Opsterland,GM0086,440,5,439.0
8406,Opsterland,GM0086,1575,5,396.5
8407,Opsterland,GM0086,990,5,406.5
8408,Opsterland,GM0086,1310,5,414.0
8409,Opsterland,GM0086,755,5,395.0
8411,Heerenveen,GM0074,3230,5,332.0
8412,Heerenveen,GM0074,815,5,481.0
8413,Heerenveen,GM0074,825,5,513.0
8414,Heerenveen,GM0074,1485,5,350.0
8415,Heerenveen,GM0074,410,5,489.0
8421,Ooststellingwerf,GM0085,1495,5,395.3
8422,Ooststellingwerf,GM0085,260,5,402.5
8423,Ooststellingwerf,GM0085,1025,5,393.5
8424,Ooststellingwerf,GM0085,690,5,421.0
8425,Ooststellingwerf,GM0085,325,5,474.0
8426,Ooststellingwerf,GM0085,4995,5,330.5
8427,Ooststellingwerf,GM0085,390,5,475.0
8428,Ooststellingwerf,GM0085,355,5,437.0
8431,Ooststellingwerf,GM0085,9880,4,280.7
8432,Ooststellingwerf,GM0085,580,5,406.5
8433,Ooststellingwerf,GM0085,3185,5,306.0
8434,Ooststellingwerf,GM0085,830,5,379.5
8435,Ooststellingwerf,GM0085,1930,5,354.3
8437,Westerveld,GM1701,200,5,388.0
8438,Westerveld,GM1701,285,5,571.0
8441,Heerenveen,GM0074,3945,2,295.0
8442,Heerenveen,GM0074,7005,2,233.0
8443,Heerenveen,GM0074,2485,3,278.0
8445,Heerenveen,GM0074,1560,5,496.0
8446,Heerenveen,GM0074,3952,2,260.0
8447,Heerenveen,GM0074,3180,4,340.5
8448,Heerenveen,GM0074,4398,5,451.5
8449,Heerenveen,GM0074,250,5,425.0
8451,Heerenveen,GM0074,1470,5,281.0
8453,Heerenveen,GM0074,1585,4,542.0
8454,Heerenveen,GM0074,665,5,425.0
8455,Heerenveen,GM0074,600,5,531.0
8456,Heerenveen,GM0074,1340,5,404.0
8457,Heerenveen,GM0074,290,5,511.5
8458,Heerenveen,GM0074,840,5,389.0
8459,Heerenveen,GM0074,420,5,395.0
8461,De Fryske Marren,GM1940,765,5,404.0
8462,De Fryske Marren,GM1940,185,5,486.0
8463,De Fryske Marren,GM1940,570,5,412.0
8464,De Fryske Marren,GM1940,1225,5,367.0
8465,De Fryske Marren,GM1940,1870,5,389.0
8466,De Fryske Marren,GM1940,50,4,419.0
8467,De Fryske Marren,GM1940,385,5,435.0
8468,Heerenveen,GM0074,370,5,385.0
8469,Heerenveen,GM0074,210,5,348.0
8471,Weststellingwerf,GM0098,11015,3,279.5
8472,Weststellingwerf,GM0098,2470,4,407.2
8474,Weststellingwerf,GM0098,1070,5,357.0
8475,Weststellingwerf,GM0098,535,5,447.5
8476,Weststellingwerf,GM0098,325,5,408.5
8477,Weststellingwerf,GM0098,150,5,352.0
8478,Weststellingwerf,GM0098,245,5,479.0
8479,Weststellingwerf,GM0098,230,5,352.0
8481,Weststellingwerf,GM0098,125,5,442.0
8482,Weststellingwerf,GM0098,240,5,352.0
8483,Weststellingwerf,GM0098,440,5,378.0
8484,Weststellingwerf,GM0098,270,5,359.0
8485,Weststellingwerf,GM0098,465,5,370.0
8486,Weststellingwerf,GM0098,230,5,352.0
8487,Weststellingwerf,GM0098,150,5,352.0
8488,Weststellingwerf,GM0098,200,5,471.0
8491,Heerenveen,GM0074,3275,4,296.0
8493,De Fryske Marren,GM1940,710,5,489.0
8494,Heerenveen,GM0074,975,5,514.0
8495,Heerenveen,GM0074,1505,5,312.0
8497,Smallingerland,GM0090,45,5,648.0
8501,De Fryske Marren,GM1940,9800,4,360.2
8502,De Fryske Marren,GM1940,3250,4,443.5
8505,De Fryske Marren,GM1940,65,5,616.0
8506,De Fryske Marren,GM1940,530,5,380.0
8507,De Fryske Marren,GM1940,235,5,485.0
8508,De Fryske Marren,GM1940,600,5,489.0
8511,De Fryske Marren,GM1940,230,5,536.0
8512,De Fryske Marren,GM1940,310,5,784.5
8513,De Fryske Marren,GM1940,355,5,337.0
8514,De Fryske Marren,GM1940,80,5,550.0
8515,De Fryske Marren,GM1940,75,5,484.0
8516,De Fryske Marren,GM1940,85,5,466.0
8517,De Fryske Marren,GM1940,800,5,345.0
8521,De Fryske Marren,GM1940,3360,5,326.0
8522,De Fryske Marren,GM1940,345,5,427.0
8523,De Fryske Marren,GM1940,485,5,336.0
8524,De Fryske Marren,GM1940,30,5,427.0
8525,De Fryske Marren,GM1940,1050,5,385.0
8526,De Fryske Marren,GM1940,90,5,596.0
8527,De Fryske Marren,GM1940,125,5,427.0
8528,De Fryske Marren,GM1940,55,5,784.5
8529,Súdwest-Fryslân,GM1900,75,5,474.0
8531,De Fryske Marren,GM1940,10340,4,358.4
8534,De Fryske Marren,GM1940,50,5,427.0
8535,De Fryske Marren,GM1940,185,5,547.0
8536,De Fryske Marren,GM1940,870,5,365.0
8537,De Fryske Marren,GM1940,255,5,349.0
8538,De Fryske Marren,GM1940,670,5,460.0
8539,De Fryske Marren,GM1940,1005,5,406.0
8541,De Fryske Marren,GM1940,110,5,546.0
8542,De Fryske Marren,GM1940,230,5,438.0
8551,Súdwest-Fryslân,GM1900,1390,5,533.0
8552,Súdwest-Fryslân,GM1900,20,5,363.5
8553,Súdwest-Fryslân,GM1900,110,5,512.0
8554,Súdwest-Fryslân,GM1900,50,5,363.5
8556,De Fryske Marren,GM1940,680,5,345.0
8561,De Fryske Marren,GM1940,3952,4,317.0
8563,De Fryske Marren,GM1940,660,5,438.0
8564,De Fryske Marren,GM1940,110,5,538.0
8565,De Fryske Marren,GM1940,405,5,456.0
8566,De Fryske Marren,GM1940,565,5,460.0
8567,De Fryske Marren,GM1940,1380,5,400.0
8571,De Fryske Marren,GM1940,545,5,544.0
8572,De Fryske Marren,GM1940,180,5,490.0
8573,De Fryske Marren,GM1940,105,5,555.0
8574,De Fryske Marren,GM1940,1035,5,284.0
8581,De Fryske Marren,GM1940,350,5,443.0
8582,De Fryske Marren,GM1940,295,5,359.0
8583,De Fryske Marren,GM1940,40,5,373.0
8584,Súdwest-Fryslân,GM1900,550,5,393.5
8601,Súdwest-Fryslân,GM1900,3350,2,329.7
8602,Súdwest-Fryslân,GM1900,4825,3,249.5
8603,Súdwest-Fryslân,GM1900,5220,3,408.8
8604,Súdwest-Fryslân,GM1900,5220,3,400.5
8605,Súdwest-Fryslân,GM1900,1960,2,262.5
8606,Súdwest-Fryslân,GM1900,2895,2,250.0
8607,Súdwest-Fryslân,GM1900,5392,3,292.0
8608,Súdwest-Fryslân,GM1900,5035,3,242.0
8611,Súdwest-Fryslân,GM1900,270,5,365.0
8612,Súdwest-Fryslân,GM1900,30,5,363.5
8613,Súdwest-Fryslân,GM1900,25,5,363.5
8614,Súdwest-Fryslân,GM1900,745,5,386.5
8615,Súdwest-Fryslân,GM1900,590,5,331.0
8616,Súdwest-Fryslân,GM1900,75,5,411.0
8617,Súdwest-Fryslân,GM1900,240,5,423.0
8618,Súdwest-Fryslân,GM1900,470,5,395.0
8621,Súdwest-Fryslân,GM1900,2365,5,449.5
8622,Súdwest-Fryslân,GM1900,635,5,338.2
8623,Súdwest-Fryslân,GM1900,275,5,347.8
8624,Súdwest-Fryslân,GM1900,390,5,430.8
8625,Súdwest-Fryslân,GM1900,1050,5,359.8
8626,Súdwest-Fryslân,GM1900,230,5,566.0
8627,Súdwest-Fryslân,GM1900,330,5,351.2
8628,Súdwest-Fryslân,GM1900,240,5,466.0
8629,Súdwest-Fryslân,GM1900,1560,5,394.5
8632,Súdwest-Fryslân,GM1900,180,5,434.5
8633,Súdwest-Fryslân,GM1900,650,5,393.0
8635,Súdwest-Fryslân,GM1900,410,5,401.0
8636,Súdwest-Fryslân,GM1900,90,5,382.0
8637,Súdwest-Fryslân,GM1900,290,5,359.0
8641,Súdwest-Fryslân,GM1900,95,5,332.0
8642,Súdwest-Fryslân,GM1900,70,5,419.0
8644,Súdwest-Fryslân,GM1900,110,5,371.0
8647,Súdwest-Fryslân,GM1900,325,5,332.0
8651,Súdwest-Fryslân,GM1900,2910,5,392.2
8658,Súdwest-Fryslân,GM1900,95,5,363.5
8701,Súdwest-Fryslân,GM1900,10095,3,290.8
8711,Súdwest-Fryslân,GM1900,4332,5,375.5
8713,Súdwest-Fryslân,GM1900,850,5,492.5
8715,Súdwest-Fryslân,GM1900,950,5,407.0
8721,Súdwest-Fryslân,GM1900,760,5,344.0
8722,Súdwest-Fryslân,GM1900,350,5,400.0
8723,Súdwest-Fryslân,GM1900,2820,5,453.5
8724,Súdwest-Fryslân,GM1900,325,5,427.0
8731,Súdwest-Fryslân,GM1900,2420,5,354.5
8732,Súdwest-Fryslân,GM1900,220,5,419.0
8733,Súdwest-Fryslân,GM1900,50,5,363.5
8734,Súdwest-Fryslân,GM1900,890,5,395.0
8735,Súdwest-Fryslân,GM1900,215,5,340.0
8736,Súdwest-Fryslân,GM1900,200,5,384.0
8737,Súdwest-Fryslân,GM1900,110,5,391.0
8741,Súdwest-Fryslân,GM1900,110,5,426.0
8742,Súdwest-Fryslân,GM1900,300,5,396.5
8743,Súdwest-Fryslân,GM1900,90,5,446.0
8744,Súdwest-Fryslân,GM1900,235,5,374.0
8745,Súdwest-Fryslân,GM1900,50,5,412.0
8746,Súdwest-Fryslân,GM1900,145,5,359.0
8747,Súdwest-Fryslân,GM1900,285,5,360.0
8748,Súdwest-Fryslân,GM1900,1815,5,385.0
8749,Súdwest-Fryslân,GM1900,595,5,360.0
8751,Súdwest-Fryslân,GM1900,145,5,228.0
8752,Súdwest-Fryslân,GM1900,50,5,262.0
8753,Súdwest-Fryslân,GM1900,85,5,405.0
8754,Súdwest-Fryslân,GM1900,3460,5,427.0
8756,Súdwest-Fryslân,GM1900,50,5,426.0
8757,Súdwest-Fryslân,GM1900,190,5,364.2
8758,Súdwest-Fryslân,GM1900,75,5,478.0
8759,Súdwest-Fryslân,GM1900,470,5,409.5
8761,Súdwest-Fryslân,GM1900,235,5,372.0
8762,Súdwest-Fryslân,GM1900,80,5,433.0
8763,Súdwest-Fryslân,GM1900,480,5,394.5
8764,Súdwest-Fryslân,GM1900,90,5,348.0
8765,Súdwest-Fryslân,GM1900,435,5,400.5
8766,Súdwest-Fryslân,GM1900,5,5,363.5
8771,Súdwest-Fryslân,GM1900,970,5,400.5
8772,Súdwest-Fryslân,GM1900,15,5,363.5
8773,Súdwest-Fryslân,GM1900,330,5,351.0
8774,Súdwest-Fryslân,GM1900,145,5,410.5
8775,Súdwest-Fryslân,GM1900,55,5,363.5
8801,Waadhoeke,GM1949,6835,4,302.3
8802,Waadhoeke,GM1949,6245,4,299.4
8804,Waadhoeke,GM1949,1115,5,352.0
8805,Waadhoeke,GM1949,220,5,302.0
8806,Waadhoeke,GM1949,570,5,347.5
8807,Waadhoeke,GM1949,315,5,294.0
8808,Waadhoeke,GM1949,370,5,301.0
8809,Waadhoeke,GM1949,50,5,302.0
8811,Waadhoeke,GM1949,420,5,285.0
8812,Waadhoeke,GM1949,255,5,308.0
8813,Waadhoeke,GM1949,130,5,347.0
8814,Waadhoeke,GM1949,120,5,356.0
8816,Waadhoeke,GM1949,110,5,401.0
8821,Súdwest-Fryslân,GM1900,530,5,355.0
8822,Súdwest-Fryslân,GM1900,1040,5,386.5
8823,Súdwest-Fryslân,GM1900,310,5,364.5
8831,Waadhoeke,GM1949,1075,5,340.3
8832,Leeuwarden,GM0080,105,5,323.0
8833,Leeuwarden,GM0080,25,5,286.0
8834,Leeuwarden,GM0080,200,5,348.0
8835,Leeuwarden,GM0080,425,5,293.0
8841,Waadhoeke,GM1949,110,5,334.0
8842,Waadhoeke,GM1949,445,5,329.0
8843,Waadhoeke,GM1949,260,5,293.5
8844,Súdwest-Fryslân,GM1900,60,5,480.0
8845,Súdwest-Fryslân,GM1900,80,5,388.0
8851,Waadhoeke,GM1949,1400,5,293.0
8852,Waadhoeke,GM1949,65,5,394.0
8853,Waadhoeke,GM1949,40,5,302.0
8854,Waadhoeke,GM1949,545,5,291.5
8855,Waadhoeke,GM1949,1750,5,306.5
8856,Waadhoeke,GM1949,145,5,349.0
8857,Harlingen,GM0072,485,5,329.0
8861,Harlingen,GM0072,6570,4,287.2
8862,Harlingen,GM0072,5188,3,287.3
8872,Harlingen,GM0072,515,5,260.0
8881,Terschelling,GM0093,2605,5,483.5
8891,Terschelling,GM0093,1265,5,504.3
8894,Terschelling,GM0093,305,5,571.0
8895,Terschelling,GM0093,130,5,570.0
8896,Terschelling,GM0093,455,5,529.0
8897,Terschelling,GM0093,170,5,569.0
8899,Vlieland,GM0096,1220,5,420.0
8911,Leeuwarden,GM0080,6980,1,182.6
8912,Leeuwarden,GM0080,645,4,271.0
8913,Leeuwarden,GM0080,4480,1,332.5
8914,Leeuwarden,GM0080,760,5,297.0
8915,Leeuwarden,GM0080,5245,3,213.0
8916,Leeuwarden,GM0080,3195,1,255.5
8917,Leeuwarden,GM0080,3665,1,289.3
8918,Leeuwarden,GM0080,3952,1,202.0
8919,Leeuwarden,GM0080,710,3,358.2
8921,Leeuwarden,GM0080,9130,1,213.3
8922,Leeuwarden,GM0080,3295,1,176.5
8923,Leeuwarden,GM0080,3645,2,212.0
8924,Leeuwarden,GM0080,3650,1,206.0
8925,Leeuwarden,GM0080,6320,3,325.5
8926,Leeuwarden,GM0080,4122,5,353.0
8927,Leeuwarden,GM0080,1285,4,658.0
8931,Leeuwarden,GM0080,3875,2,197.0
8932,Leeuwarden,GM0080,6905,1,207.3
8933,Leeuwarden,GM0080,4245,1,221.3
8934,Leeuwarden,GM0080,2290,1,259.5
8935,Leeuwarden,GM0080,6630,2,258.3
8936,Leeuwarden,GM0080,730,2,222.0
8937,Leeuwarden,GM0080,945,2,286.0
8938,Leeuwarden,GM0080,340,4,473.0
8939,Leeuwarden,GM0080,3952,4,491.0
8941,Leeuwarden,GM0080,4080,5,388.3
9001,Leeuwarden,GM0080,4168,5,470.5
9003,Leeuwarden,GM0080,875,5,365.0
9004,Leeuwarden,GM0080,35,5,286.0
9005,Leeuwarden,GM0080,1865,5,428.0
9006,Leeuwarden,GM0080,40,5,286.0
9007,Leeuwarden,GM0080,80,5,350.0
9008,Leeuwarden,GM0080,1080,5,362.0
9009,Leeuwarden,GM0080,80,5,407.0
9011,Leeuwarden,GM0080,1390,5,418.5
9012,Súdwest-Fryslân,GM1900,645,5,335.0
9013,Súdwest-Fryslân,GM1900,170,5,377.0
9014,Súdwest-Fryslân,GM1900,325,5,340.0
9021,Súdwest-Fryslân,GM1900,325,5,301.0
9022,Leeuwarden,GM0080,1100,5,444.0
9023,Leeuwarden,GM0080,305,5,377.0
9024,Leeuwarden,GM0080,535,5,364.5
9025,Leeuwarden,GM0080,130,5,377.0
9026,Leeuwarden,GM0080,145,5,471.0
9027,Leeuwarden,GM0080,300,5,432.0
9031,Waadhoeke,GM1949,390,5,302.5
9032,Waadhoeke,GM1949,80,5,302.0
9033,Waadhoeke,GM1949,1030,5,358.0
9034,Waadhoeke,GM1949,1040,5,327.5
9035,Waadhoeke,GM1949,3330,5,356.0
9036,Waadhoeke,GM1949,2825,5,320.5
9037,Waadhoeke,GM1949,80,5,405.0
9038,Waadhoeke,GM1949,360,5,284.5
9041,Waadhoeke,GM1949,2690,5,311.6
9043,Waadhoeke,GM1949,190,5,303.0
9044,Waadhoeke,GM1949,750,5,366.0
9045,Waadhoeke,GM1949,910,5,332.0
9047,Waadhoeke,GM1949,1815,5,314.0
9051,Leeuwarden,GM0080,4202,5,387.0
9053,Leeuwarden,GM0080,160,5,334.0
9054,Leeuwarden,GM0080,415,5,268.0
9055,Leeuwarden,GM0080,940,5,338.0
9056,Leeuwarden,GM0080,425,5,372.5
9057,Leeuwarden,GM0080,295,5,331.5
9061,Tytsjerksteradiel,GM0737,2240,5,394.0
9062,Tytsjerksteradiel,GM0737,2065,5,261.5
9063,Tytsjerksteradiel,GM0737,685,5,423.5
9064,Tytsjerksteradiel,GM0737,765,5,423.0
9067,Dantumadiel,GM1891,190,5,466.0
9071,Leeuwarden,GM0080,235,5,288.0
9072,Waadhoeke,GM1949,320,5,238.0
9073,Noardeast-Fryslân,GM1970,1410,5,316.5
9074,Noardeast-Fryslân,GM1970,2645,5,326.5
9075,Waadhoeke,GM1949,250,5,238.0
9076,Waadhoeke,GM1949,4910,4,304.4
9077,Waadhoeke,GM1949,700,5,325.0
9078,Waadhoeke,GM1949,945,5,276.5
9079,Waadhoeke,GM1949,1650,5,246.3
9081,Leeuwarden,GM0080,395,5,260.0
9082,Leeuwarden,GM0080,55,5,286.0
9083,Leeuwarden,GM0080,195,3,353.0
9084,Leeuwarden,GM0080,3435,4,452.0
9086,Leeuwarden,GM0080,295,5,615.2
9087,Leeuwarden,GM0080,45,5,286.0
9088,Leeuwarden,GM0080,1145,5,372.0
9089,Leeuwarden,GM0080,625,5,365.5
9091,Tytsjerksteradiel,GM0737,250,5,420.0
9101,Noardeast-Fryslân,GM1970,9255,3,350.7
9102,Noardeast-Fryslân,GM1970,1235,4,340.0
9103,Noardeast-Fryslân,GM1970,2540,4,388.5
9104,Dantumadiel,GM1891,4038,5,424.0
9105,Dantumadiel,GM1891,1115,5,396.5
9106,Dantumadiel,GM1891,45,5,450.5
9107,Noardeast-Fryslân,GM1970,40,5,352.0
9108,Dantumadiel,GM1891,1210,5,425.5
9109,Dantumadiel,GM1891,235,5,453.0
9111,Noardeast-Fryslân,GM1970,115,5,455.0
9112,Noardeast-Fryslân,GM1970,1035,5,333.0
9113,Dantumadiel,GM1891,970,5,416.5
9114,Dantumadiel,GM1891,950,5,397.5
9121,Noardeast-Fryslân,GM1970,110,5,433.0
9122,Noardeast-Fryslân,GM1970,55,5,433.0
9123,Noardeast-Fryslân,GM1970,860,5,291.5
9124,Noardeast-Fryslân,GM1970,40,5,352.0
9125,Noardeast-Fryslân,GM1970,170,5,340.5
9131,Noardeast-Fryslân,GM1970,820,5,315.5
9132,Noardeast-Fryslân,GM1970,595,5,341.7
9133,Noardeast-Fryslân,GM1970,1170,5,327.3
9134,Noardeast-Fryslân,GM1970,400,5,336.5
9135,Noardeast-Fryslân,GM1970,245,5,349.5
9136,Noardeast-Fryslân,GM1970,205,5,307.5
9137,Noardeast-Fryslân,GM1970,900,5,335.0
9138,Noardeast-Fryslân,GM1970,350,5,320.5
9141,Noardeast-Fryslân,GM1970,310,5,285.0
9142,Noardeast-Fryslân,GM1970,225,5,294.5
9143,Noardeast-Fryslân,GM1970,365,5,333.0
9144,Noardeast-Fryslân,GM1970,220,5,363.5
9145,Noardeast-Fryslân,GM1970,1325,5,294.0
9146,Noardeast-Fryslân,GM1970,70,5,470.0
9147,Noardeast-Fryslân,GM1970,380,5,309.0
9148,Noardeast-Fryslân,GM1970,70,5,453.0
9151,Noardeast-Fryslân,GM1970,1630,5,317.0
9152,Noardeast-Fryslân,GM1970,45,5,353.0
9153,Noardeast-Fryslân,GM1970,250,5,315.5
9154,Noardeast-Fryslân,GM1970,65,5,401.0
9155,Noardeast-Fryslân,GM1970,215,5,328.0
9156,Noardeast-Fryslân,GM1970,100,5,432.0
9161,Ameland,GM0060,1300,5,362.0
9162,Ameland,GM0060,485,5,394.0
9163,Ameland,GM0060,1260,5,393.0
9164,Ameland,GM0060,755,5,400.0
9166,Schiermonnikoog,GM0088,970,5,433.5
9171,Noardeast-Fryslân,GM1970,845,5,326.5
9172,Noardeast-Fryslân,GM1970,1820,5,320.0
9173,Noardeast-Fryslân,GM1970,85,5,359.0
9174,Noardeast-Fryslân,GM1970,90,5,387.0
9175,Noardeast-Fryslân,GM1970,130,5,432.0
9176,Noardeast-Fryslân,GM1970,80,5,416.0
9177,Noardeast-Fryslân,GM1970,70,5,456.0
9178,Noardeast-Fryslân,GM1970,220,5,371.5
9201,Smallingerland,GM0090,8020,2,232.0
9202,Smallingerland,GM0090,8390,2,235.0
9203,Smallingerland,GM0090,9750,2,290.9
9204,Smallingerland,GM0090,8550,3,359.6
9205,Smallingerland,GM0090,4730,4,280.7
9206,Smallingerland,GM0090,65,4,453.0
9207,Smallingerland,GM0090,6770,4,371.5
9211,Smallingerland,GM0090,175,5,592.0
9212,Smallingerland,GM0090,1830,5,378.0
9213,Smallingerland,GM0090,630,5,656.2
9214,Smallingerland,GM0090,50,5,640.0
9215,Smallingerland,GM0090,255,5,488.0
9216,Smallingerland,GM0090,1665,5,369.0
9217,Smallingerland,GM0090,460,5,389.0
9218,Smallingerland,GM0090,1760,5,384.5
9219,Smallingerland,GM0090,345,5,459.0
9221,Smallingerland,GM0090,1415,5,338.0
9222,Smallingerland,GM0090,1240,5,376.0
9223,Smallingerland,GM0090,935,5,348.0
9231,Achtkarspelen,GM0059,4358,5,350.0
9233,Achtkarspelen,GM0059,1205,5,368.0
9241,Opsterland,GM0086,2080,5,348.7
9243,Opsterland,GM0086,1895,5,404.0
9244,Opsterland,GM0086,3675,5,413.8
9245,Opsterland,GM0086,1640,5,414.5
9246,Opsterland,GM0086,70,5,553.0
9247,Opsterland,GM0086,4905,4,373.2
9248,Opsterland,GM0086,830,5,420.5
9249,Opsterland,GM0086,1015,5,419.5
9251,Tytsjerksteradiel,GM0737,4388,5,400.0
9254,Tytsjerksteradiel,GM0737,4282,5,347.0
9255,Tytsjerksteradiel,GM0737,1605,5,357.5
9256,Tytsjerksteradiel,GM0737,770,5,428.5
9257,Tytsjerksteradiel,GM0737,2290,5,381.5
9258,Tytsjerksteradiel,GM0737,960,5,368.5
9261,Tytsjerksteradiel,GM0737,1585,5,409.0
9262,Tytsjerksteradiel,GM0737,1375,5,368.0
9263,Tytsjerksteradiel,GM0737,1830,5,399.0
9264,Tytsjerksteradiel,GM0737,400,5,419.0
9265,Tytsjerksteradiel,GM0737,625,5,407.0
9269,Dantumadiel,GM1891,3595,5,437.5
9271,Dantumadiel,GM1891,4012,5,496.0
9281,Achtkarspelen,GM0059,4252,5,378.0
9283,Achtkarspelen,GM0059,1230,5,376.0
9284,Achtkarspelen,GM0059,1220,5,376.5
9285,Achtkarspelen,GM0059,4662,5,337.5
9286,Achtkarspelen,GM0059,1145,5,373.5
9287,Achtkarspelen,GM0059,1830,5,348.0
9288,Achtkarspelen,GM0059,2455,5,339.0
9289,Achtkarspelen,GM0059,1640,5,375.5
9291,Noardeast-Fryslân,GM1970,4282,5,390.0
9292,Noardeast-Fryslân,GM1970,80,5,459.0
9293,Noardeast-Fryslân,GM1970,450,5,354.0
9294,Noardeast-Fryslân,GM1970,830,5,393.0
9295,Noardeast-Fryslân,GM1970,630,5,397.5
9296,Noardeast-Fryslân,GM1970,330,5,432.0
9297,Noardeast-Fryslân,GM1970,95,5,331.0
9298,Noardeast-Fryslân,GM1970,2980,5,389.5
9299,Noardeast-Fryslân,GM1970,550,5,326.0
9301,Noordenveld,GM1699,8305,3,392.3
9304,Noordenveld,GM1699,120,5,571.0
9305,Noordenveld,GM1699,245,5,446.0
9307,Noordenveld,GM1699,680,5,484.0
9311,Noordenveld,GM1699,1375,4,378.0
9312,Noordenveld,GM1699,1185,5,528.0
9313,Noordenveld,GM1699,135,5,488.0
9314,Noordenveld,GM1699,160,5,567.0
9315,Noordenveld,GM1699,320,5,473.0
9321,Noordenveld,GM1699,5048,5,492.5
9331,Noordenveld,GM1699,4160,5,335.0
9333,Noordenveld,GM1699,225,5,522.0
9334,Noordenveld,GM1699,140,5,432.5
9335,Noordenveld,GM1699,170,5,594.5
9336,Noordenveld,GM1699,140,5,532.0
9337,Noordenveld,GM1699,170,5,501.5
9341,Noordenveld,GM1699,1310,5,355.5
9342,Noordenveld,GM1699,795,5,426.0
9343,Noordenveld,GM1699,220,5,515.0
9351,Westerkwartier,GM1969,12062,5,455.0
9354,Westerkwartier,GM1969,2800,5,417.3
9355,Westerkwartier,GM1969,185,5,490.0
9356,Westerkwartier,GM1969,4445,4,324.0
9361,Westerkwartier,GM1969,420,5,463.0
9362,Westerkwartier,GM1969,375,5,346.0
9363,Westerkwartier,GM1969,4572,5,423.8
9364,Westerkwartier,GM1969,640,5,380.0
9365,Westerkwartier,GM1969,740,5,454.0
9366,Westerkwartier,GM1969,240,5,419.0
9367,Westerkwartier,GM1969,1660,5,424.7
9401,Assen,GM0106,7265,2,308.9
9402,Assen,GM0106,8480,2,265.5
9403,Assen,GM0106,13960,3,355.3
9404,Assen,GM0106,7350,4,330.7
9405,Assen,GM0106,7040,4,376.8
9406,Assen,GM0106,9165,2,267.9
9407,Assen,GM0106,6380,3,269.6
9408,Assen,GM0106,10030,4,415.4
9409,Assen,GM0106,255,5,427.0
9411,Midden-Drenthe,GM1731,6272,5,441.0
9414,Midden-Drenthe,GM1731,1560,5,450.0
9415,Midden-Drenthe,GM1731,665,5,385.0
9416,Midden-Drenthe,GM1731,415,5,357.0
9417,Midden-Drenthe,GM1731,385,5,431.5
9418,Midden-Drenthe,GM1731,1100,5,392.5
9419,Midden-Drenthe,GM1731,460,5,427.0
9421,Midden-Drenthe,GM1731,3355,5,391.8
9422,Midden-Drenthe,GM1731,4910,5,379.4
9423,Midden-Drenthe,GM1731,1350,5,382.0
9431,Midden-Drenthe,GM1731,4168,5,481.0
9432,Midden-Drenthe,GM1731,65,5,455.0
9433,Midden-Drenthe,GM1731,465,5,488.5
9434,Midden-Drenthe,GM1731,60,5,593.0
9436,Midden-Drenthe,GM1731,350,5,471.0
9437,Midden-Drenthe,GM1731,95,5,463.0
9438,Midden-Drenthe,GM1731,105,5,501.0
9439,Midden-Drenthe,GM1731,605,5,407.0
9441,Midden-Drenthe,GM1731,220,5,441.5
9442,Midden-Drenthe,GM1731,375,5,442.5
9443,Aa en Hunze,GM1680,415,5,470.0
9444,Aa en Hunze,GM1680,625,5,406.0
9446,Aa en Hunze,GM1680,105,5,565.0
9447,Aa en Hunze,GM1680,430,5,616.0
9448,Aa en Hunze,GM1680,155,5,536.0
9449,Aa en Hunze,GM1680,865,5,431.0
9451,Aa en Hunze,GM1680,3695,5,348.0
9452,Aa en Hunze,GM1680,65,5,551.0
9453,Aa en Hunze,GM1680,155,5,614.0
9454,Aa en Hunze,GM1680,275,5,445.0
9457,Aa en Hunze,GM1680,85,5,620.0
9458,Aa en Hunze,GM1680,160,5,600.0
9461,Aa en Hunze,GM1680,4152,5,459.0
9462,Aa en Hunze,GM1680,1865,5,431.7
9463,Aa en Hunze,GM1680,1450,5,443.0
9464,Aa en Hunze,GM1680,120,5,416.5
9465,Aa en Hunze,GM1680,245,5,464.5
9466,Aa en Hunze,GM1680,385,5,463.0
9467,Aa en Hunze,GM1680,390,5,501.0
9468,Aa en Hunze,GM1680,3595,5,487.0
9469,Aa en Hunze,GM1680,610,5,592.0
9471,Tynaarlo,GM1730,6358,5,486.0
9472,Tynaarlo,GM1730,3745,5,428.3
9473,Tynaarlo,GM1730,475,5,436.0
9474,Tynaarlo,GM1730,305,5,441.5
9475,Tynaarlo,GM1730,340,5,618.5
9479,Groningen,GM0014,515,5,499.0
9481,Tynaarlo,GM1730,4098,5,468.5
9482,Tynaarlo,GM1730,1965,5,489.0
9483,Tynaarlo,GM1730,420,5,485.5
9484,Tynaarlo,GM1730,65,5,542.2
9485,Tynaarlo,GM1730,120,5,524.8
9486,Assen,GM0106,40,5,340.0
9487,Assen,GM0106,110,5,404.0
9488,Assen,GM0106,95,5,497.0
9489,Assen,GM0106,45,4,340.0
9491,Tynaarlo,GM1730,735,5,558.5
9492,Assen,GM0106,180,5,410.3
9493,Tynaarlo,GM1730,220,5,504.2
9494,Tynaarlo,GM1730,825,5,487.0
9495,Tynaarlo,GM1730,95,5,534.2
9496,Tynaarlo,GM1730,230,5,536.0
9497,Tynaarlo,GM1730,470,5,559.5
9501,Stadskanaal,GM0037,9675,3,287.3
9502,Stadskanaal,GM0037,5490,4,279.7
9503,Stadskanaal,GM0037,3895,4,300.3
9511,Aa en Hunze,GM1680,965,5,375.0
9512,Aa en Hunze,GM1680,270,5,392.0
9514,Aa en Hunze,GM1680,1875,5,351.5
9515,Aa en Hunze,GM1680,670,5,391.0
9521,Borger-Odoorn,GM1681,4975,5,287.6
9523,Borger-Odoorn,GM1681,595,5,342.2
9524,Borger-Odoorn,GM1681,460,5,391.0
9525,Borger-Odoorn,GM1681,285,5,375.0
9526,Borger-Odoorn,GM1681,90,5,420.0
9527,Borger-Odoorn,GM1681,115,5,524.0
9528,Borger-Odoorn,GM1681,800,5,391.5
9531,Borger-Odoorn,GM1681,5025,4,360.7
9533,Borger-Odoorn,GM1681,520,5,441.0
9534,Borger-Odoorn,GM1681,130,5,436.0
9535,Borger-Odoorn,GM1681,30,5,369.5
9536,Borger-Odoorn,GM1681,330,5,471.0
9537,Borger-Odoorn,GM1681,190,5,515.0
9541,Westerwolde,GM1950,3220,5,365.5
9545,Westerwolde,GM1950,780,5,384.0
9551,Westerwolde,GM1950,2685,5,391.7
9561,Westerwolde,GM1950,10732,5,330.0
9563,Westerwolde,GM1950,1010,5,273.0
9564,Borger-Odoorn,GM1681,55,5,254.0
9566,Westerwolde,GM1950,595,5,297.0
9571,Borger-Odoorn,GM1681,2255,5,305.4
9573,Borger-Odoorn,GM1681,340,5,355.2
9574,Borger-Odoorn,GM1681,100,5,371.0
9581,Stadskanaal,GM0037,7355,5,270.8
9584,Stadskanaal,GM0037,1240,5,387.0
9585,Stadskanaal,GM0037,285,5,366.0
9591,Stadskanaal,GM0037,2935,5,372.8
9601,Midden-Groningen,GM1952,6955,2,262.7
9602,Midden-Groningen,GM1952,11385,3,237.4
9603,Midden-Groningen,GM1952,3750,3,391.3
9605,Midden-Groningen,GM1952,830,5,426.5
9606,Midden-Groningen,GM1952,1565,5,459.0
9607,Midden-Groningen,GM1952,960,5,246.5
9608,Midden-Groningen,GM1952,870,5,351.0
9609,Midden-Groningen,GM1952,20,5,340.0
9611,Midden-Groningen,GM1952,8330,4,328.9
9613,Groningen,GM0014,4295,5,583.6
9614,Groningen,GM0014,195,5,410.0
9615,Midden-Groningen,GM1952,1385,5,334.5
9616,Midden-Groningen,GM1952,535,5,405.3
9617,Midden-Groningen,GM1952,3065,5,380.5
9618,Midden-Groningen,GM1952,105,5,319.0
9619,Midden-Groningen,GM1952,820,5,373.0
9621,Midden-Groningen,GM1952,2235,5,348.7
9622,Groningen,GM0014,80,5,379.0
9623,Midden-Groningen,GM1952,175,5,456.0
9624,Midden-Groningen,GM1952,55,5,476.0
9625,Midden-Groningen,GM1952,515,5,422.0
9626,Midden-Groningen,GM1952,1595,5,349.0
9627,Midden-Groningen,GM1952,540,5,347.5
9628,Midden-Groningen,GM1952,3240,5,356.0
9629,Midden-Groningen,GM1952,215,5,400.0
9631,Veendam,GM0047,435,5,341.0
9632,Midden-Groningen,GM1952,60,5,406.0
9633,Midden-Groningen,GM1952,110,5,394.0
9635,Midden-Groningen,GM1952,1825,5,371.5
9636,Midden-Groningen,GM1952,3525,5,353.4
9641,Veendam,GM0047,5835,3,208.5
9642,Veendam,GM0047,3952,3,215.0
9644,Veendam,GM0047,1600,5,307.0
9645,Veendam,GM0047,4180,4,220.0
9646,Veendam,GM0047,2225,4,339.0
9648,Veendam,GM0047,5495,5,304.0
9649,Midden-Groningen,GM1952,4730,5,297.8
9651,Midden-Groningen,GM1952,1710,5,368.5
9654,Aa en Hunze,GM1680,400,5,366.0
9655,Aa en Hunze,GM1680,115,5,415.0
9656,Aa en Hunze,GM1680,150,5,343.0
9657,Aa en Hunze,GM1680,105,5,419.0
9658,Aa en Hunze,GM1680,475,5,413.5
9659,Aa en Hunze,GM1680,235,5,265.0
9661,Stadskanaal,GM0037,1175,5,385.5
9663,Pekela,GM0765,4648,5,267.0
9665,Pekela,GM0765,4072,5,277.0
9671,Oldambt,GM1895,3952,2,243.0
9672,Oldambt,GM1895,345,4,288.0
9673,Oldambt,GM1895,3260,4,249.0
9674,Oldambt,GM1895,2920,4,307.5
9675,Oldambt,GM1895,7055,3,288.3
9677,Oldambt,GM1895,1470,5,289.5
9678,Oldambt,GM1895,1490,5,341.3
9679,Oldambt,GM1895,5050,5,317.6
9681,Oldambt,GM1895,2020,5,305.5
9682,Oldambt,GM1895,1460,5,378.7
9684,Oldambt,GM1895,2570,5,285.2
9685,Oldambt,GM1895,1585,5,559.5
9686,Oldambt,GM1895,2220,5,271.5
9687,Oldambt,GM1895,105,5,254.0
9688,Oldambt,GM1895,445,5,251.5
9693,Oldambt,GM1895,1290,5,196.7
9695,Westerwolde,GM1950,3460,5,375.7
9696,Westerwolde,GM1950,155,5,295.5
9697,Westerwolde,GM1950,2580,5,367.2
9698,Westerwolde,GM1950,1245,5,383.8
9699,Westerwolde,GM1950,960,5,349.8
9711,Groningen,GM0014,7905,1,264.0
9712,Groningen,GM0014,7905,1,294.5
9713,Groningen,GM0014,12122,1,298.5
9714,Groningen,GM0014,3952,1,276.0
9715,Groningen,GM0014,3952,1,238.0
9716,Groningen,GM0014,3962,1,297.5
9717,Groningen,GM0014,6510,1,326.3
9718,Groningen,GM0014,8022,1,297.7
9721,Groningen,GM0014,8288,1,389.3
9722,Groningen,GM0014,8678,2,500.1
9723,Groningen,GM0014,6695,5,382.5
9724,Groningen,GM0014,3952,1,273.0
9725,Groningen,GM0014,5568,1,301.0
9726,Groningen,GM0014,5015,1,346.0
9727,Groningen,GM0014,6245,3,354.0
9728,Groningen,GM0014,9905,4,400.2
9731,Groningen,GM0014,7740,2,411.4
9732,Groningen,GM0014,5090,3,278.0
9733,Groningen,GM0014,3695,3,261.0
9734,Groningen,GM0014,2680,3,427.0
9735,Groningen,GM0014,220,3,407.0
9736,Groningen,GM0014,3952,2,239.0
9737,Groningen,GM0014,3952,2,256.0
9738,Groningen,GM0014,380,3,419.0
9741,Groningen,GM0014,5532,1,281.7
9742,Groningen,GM0014,7905,1,246.0
9743,Groningen,GM0014,10080,1,271.4
9744,Groningen,GM0014,4342,5,333.0
9745,Groningen,GM0014,4285,4,343.5
9746,Groningen,GM0014,6382,5,360.4
9747,Groningen,GM0014,450,4,358.0
9749,Noordenveld,GM1699,155,5,574.0
9751,Groningen,GM0014,7985,4,598.6
9752,Groningen,GM0014,5410,4,435.0
9753,Groningen,GM0014,4758,4,374.3
9755,Groningen,GM0014,680,5,618.5
9756,Groningen,GM0014,1355,5,577.8
9761,Tynaarlo,GM1730,4272,5,543.0
9765,Tynaarlo,GM1730,3968,5,470.2
9766,Tynaarlo,GM1730,3300,5,756.3
9771,Het Hogeland,GM1966,1065,5,314.0
9773,Het Hogeland,GM1966,280,5,468.0
9774,Het Hogeland,GM1966,600,5,334.0
9781,Het Hogeland,GM1966,8900,4,341.2
9784,Het Hogeland,GM1966,130,5,399.0
9785,Het Hogeland,GM1966,1160,5,431.0
9791,Groningen,GM0014,4122,5,318.5
9792,Groningen,GM0014,795,5,272.7
9793,Groningen,GM0014,110,5,275.0
9794,Groningen,GM0014,75,5,401.0
9795,Groningen,GM0014,335,5,278.0
9796,Groningen,GM0014,175,5,395.0
9797,Groningen,GM0014,555,5,369.0
9798,Groningen,GM0014,505,5,363.0
9801,Westerkwartier,GM1969,5102,5,415.5
9804,Westerkwartier,GM1969,1350,5,306.0
9805,Westerkwartier,GM1969,460,4,441.0
9811,Westerkwartier,GM1969,315,5,325.0
9821,Westerkwartier,GM1969,1605,5,378.5
9822,Westerkwartier,GM1969,1360,5,282.0
9824,Westerkwartier,GM1969,220,5,322.0
9825,Westerkwartier,GM1969,190,5,471.0
9827,Westerkwartier,GM1969,150,5,459.5
9828,Westerkwartier,GM1969,700,5,386.0
9831,Westerkwartier,GM1969,2075,5,291.0
9832,Westerkwartier,GM1969,710,5,357.5
9833,Westerkwartier,GM1969,125,5,262.0
9842,Westerkwartier,GM1969,430,5,236.0
9843,Westerkwartier,GM1969,2895,5,332.5
9844,Westerkwartier,GM1969,155,5,241.0
9845,Westerkwartier,GM1969,285,5,241.0
9851,Noardeast-Fryslân,GM1970,625,5,344.5
9852,Noardeast-Fryslân,GM1970,195,5,330.0
9853,Noardeast-Fryslân,GM1970,490,5,335.0
9861,Westerkwartier,GM1969,3355,5,281.0
9862,Westerkwartier,GM1969,600,5,380.5
9863,Westerkwartier,GM1969,1200,5,405.0
9864,Westerkwartier,GM1969,485,5,295.0
9865,Westerkwartier,GM1969,2670,5,404.2
9866,Westerkwartier,GM1969,1115,5,369.0
9871,Achtkarspelen,GM0059,240,5,246.0
9872,Achtkarspelen,GM0059,60,5,414.0
9873,Achtkarspelen,GM0059,795,5,340.5
9881,Westerkwartier,GM1969,510,5,249.0
9883,Westerkwartier,GM1969,1625,5,341.5
9884,Westerkwartier,GM1969,135,5,282.0
9885,Westerkwartier,GM1969,190,5,369.0
9886,Westerkwartier,GM1969,85,5,257.0
9891,Westerkwartier,GM1969,650,5,233.0
9892,Westerkwartier,GM1969,495,5,334.0
9893,Westerkwartier,GM1969,335,5,249.0
9901,Eemsdelta,GM1979,4385,4,275.8
9902,Eemsdelta,GM1979,4480,4,279.7
9903,Eemsdelta,GM1979,1895,4,294.8
9904,Eemsdelta,GM1979,70,5,259.0
9905,Eemsdelta,GM1979,890,5,271.0
9906,Eemsdelta,GM1979,650,5,270.0
9907,Eemsdelta,GM1979,140,5,283.0
9908,Eemsdelta,GM1979,240,5,253.0
9909,Eemsdelta,GM1979,1630,5,301.5
9911,Eemsdelta,GM1979,140,5,257.0
9912,Eemsdelta,GM1979,180,5,289.0
9913,Eemsdelta,GM1979,85,5,316.0
9914,Eemsdelta,GM1979,775,5,285.5
9915,Eemsdelta,GM1979,570,5,271.0
9917,Eemsdelta,GM1979,360,5,288.0
9918,Eemsdelta,GM1979,400,5,272.0
9919,Eemsdelta,GM1979,2490,5,289.5
9921,Eemsdelta,GM1979,1045,5,338.0
9922,Eemsdelta,GM1979,355,5,308.0
9923,Eemsdelta,GM1979,185,5,265.0
9931,Eemsdelta,GM1979,1260,4,362.0
9932,Eemsdelta,GM1979,4620,4,280.5
9933,Eemsdelta,GM1979,4375,3,236.8
9934,Eemsdelta,GM1979,5100,3,274.3
9936,Eemsdelta,GM1979,1685,5,229.4
9937,Eemsdelta,GM1979,790,5,329.5
9939,Midden-Groningen,GM1952,265,5,366.0
9942,Oldambt,GM1895,120,5,263.0
9943,Oldambt,GM1895,330,5,360.0
9944,Oldambt,GM1895,1335,5,307.3
9945,Eemsdelta,GM1979,1715,5,253.0
9946,Eemsdelta,GM1979,890,5,211.0
9947,Eemsdelta,GM1979,330,5,253.0
9948,Eemsdelta,GM1979,305,5,205.0
9949,Eemsdelta,GM1979,130,5,272.0
9951,Het Hogeland,GM1966,7475,4,365.3
9953,Het Hogeland,GM1966,1805,5,253.0
9954,Het Hogeland,GM1966,280,5,448.0
9955,Het Hogeland,GM1966,170,5,286.0
9956,Het Hogeland,GM1966,380,5,294.0
9959,Het Hogeland,GM1966,485,5,283.0
9961,Het Hogeland,GM1966,130,5,256.0
9962,Het Hogeland,GM1966,90,5,280.0
9963,Het Hogeland,GM1966,195,5,253.0
9964,Het Hogeland,GM1966,700,5,241.0
9965,Het Hogeland,GM1966,1690,5,245.0
9966,Het Hogeland,GM1966,385,5,300.0
9967,Het Hogeland,GM1966,1400,5,238.0
9968,Het Hogeland,GM1966,540,5,365.5
9969,Het Hogeland,GM1966,220,5,265.0
9971,Het Hogeland,GM1966,1310,5,205.0
9973,Het Hogeland,GM1966,160,5,239.0
9974,Het Hogeland,GM1966,1215,5,220.0
9975,Het Hogeland,GM1966,375,5,328.0
9976,Het Hogeland,GM1966,135,5,393.0
9977,Het Hogeland,GM1966,1345,5,277.8
9978,Het Hogeland,GM1966,110,5,257.0
9979,Het Hogeland,GM1966,0,5,280.0
9981,Het Hogeland,GM1966,5465,4,247.6
9982,Het Hogeland,GM1966,3560,5,276.7
9983,Het Hogeland,GM1966,1100,5,234.0
9984,Het Hogeland,GM1966,120,5,220.0
9987,Eemsdelta,GM1979,170,5,234.0
9988,Het Hogeland,GM1966,1380,5,328.5
9989,Het Hogeland,GM1966,2255,5,317.5
9991,Eemsdelta,GM1979,2240,5,323.5
9992,Eemsdelta,GM1979,100,5,289.0
9993,Eemsdelta,GM1979,65,5,358.0
9994,Eemsdelta,GM1979,60,5,444.0
9995,Het Hogeland,GM1966,555,5,225.0
9997,Het Hogeland,GM1966,495,5,256.0
9998,Het Hogeland,GM1966,515,5,326.0
